Year,Quarter,Product_Line,Product_Category,Product_Group,Quantity,Profit,Total_Retail_Price,Total Profit
1999,1999Q1,Children,Children Sports,"A-Team, Kids",286,4980.15,8990.9,1424322.9
1999,1999Q1,Children,Children Sports,"Bathing Suits, Kids",98,1479.95,2560.4,145035.1
1999,1999Q1,Children,Children Sports,"Eclipse, Kid's Clothes",588,9348.95,18768.8,5497182.6
1999,1999Q1,Children,Children Sports,"Eclipse, Kid's Shoes",334,7136.8,14337.2,2383691.2
1999,1999Q1,Children,Children Sports,"Lucky Guy, Kids",303,7163,12996.2,2170389
1999,1999Q1,Children,Children Sports,"N.D. Gear, Kids",755,19153.05,34250.5,14460552.75
1999,1999Q1,Children,Children Sports,"Olssons, Kids",209,1975.35,3339.3,412848.15
1999,1999Q1,Children,Children Sports,Orion Kid's Clothes,14,288.8,580.4,4043.2
1999,1999Q1,Children,Children Sports,"Osprey, Kids",454,7334.7,13219.6,3329953.8
1999,1999Q1,Children,Children Sports,Tracker Kid's Clothes,1243,21847.85,40049.5,27156877.55
1999,1999Q1,Children,Children Sports,"Ypsilon, Kids",139,3020.85,5354.7,419898.15
1999,1999Q1,Clothes & Shoes,Clothes,Eclipse Clothing,2938,84982.5,170206.1,249678585
1999,1999Q1,Clothes & Shoes,Clothes,Green Tomato,171,4706.85,7846.2,804871.35
1999,1999Q1,Clothes & Shoes,Clothes,Knitwear,1554,79951.69,140077.94,124244926.3
1999,1999Q1,Clothes & Shoes,Clothes,LSF,335,16878,32535.5,5654130
1999,1999Q1,Clothes & Shoes,Clothes,Leisure,312,14394.3,26047.2,4491021.6
1999,1999Q1,Clothes & Shoes,Clothes,Massif,25,3767.9,7192.1,94197.5
1999,1999Q1,Clothes & Shoes,Clothes,Orion,793,38066.35,72236.5,30186615.55
1999,1999Q1,Clothes & Shoes,Clothes,Orion Clothing,460,11650.25,22294.3,5359115
1999,1999Q1,Clothes & Shoes,Clothes,Osprey,266,9218.75,15712.8,2452187.5
1999,1999Q1,Clothes & Shoes,Clothes,Shorts,150,2278.65,4063,341797.5
1999,1999Q1,Clothes & Shoes,Clothes,Stockings & Socks,237,2099.55,3564.9,497593.35
1999,1999Q1,Clothes & Shoes,Clothes,Street Wear,408,15325.3,26391.8,6252722.4
1999,1999Q1,Clothes & Shoes,Clothes,T-Shirts,362,5829.1,10497.1,2110134.2
1999,1999Q1,Clothes & Shoes,Clothes,Tracker Clothes,2624,69039.2,127046.8,181158860.8
1999,1999Q1,Clothes & Shoes,Clothes,Twain,71,9522.575,18878.325,676102.825
1999,1999Q1,Clothes & Shoes,Shoes,Eclipse Shoes,4121,205449.95,413796.4,846659244
1999,1999Q1,Clothes & Shoes,Shoes,Shoes,1905,98815.55,183279.2,188243622.8
1999,1999Q1,Clothes & Shoes,Shoes,Tracker Shoes,2179,92492.55,170200.4,201541266.4
1999,1999Q1,Outdoors,Outdoors,Anoraks & Parkas,3139,236288.94,420621.54,741710982.7
1999,1999Q1,Outdoors,Outdoors,Backpacks,607,43060.05,81268.5,26137450.35
1999,1999Q1,Outdoors,Outdoors,Gloves & Mittens,251,5756.9,9900.8,1444981.9
1999,1999Q1,Outdoors,Outdoors,Knitted Accessories,405,4104.43,7135.58,1662294.15
1999,1999Q1,Outdoors,Outdoors,Outdoor Gear,1898,85201.8,150492.7,161713016.4
1999,1999Q1,Outdoors,Outdoors,Sleepingbags,1643,74168.05,146132.8,121858106.2
1999,1999Q1,Outdoors,Outdoors,Tents,705,123547,251163.8,87100635
1999,1999Q1,Sports,Assorted Sports Articles,Assorted Sports articles,4220,146611.2,266024.15,618699264
1999,1999Q1,Sports,Assorted Sports Articles,Darts,1108,20224.2,34454.2,22408413.6
1999,1999Q1,Sports,Assorted Sports Articles,Petanque - Boule,376,8991.85,16225.3,3380935.6
1999,1999Q1,Sports,Assorted Sports Articles,Skates,1980,187259,384963.3,370772820
1999,1999Q1,Sports,Golf,Golf,1456,76791.65,159190.7,111808642.4
1999,1999Q1,Sports,Golf,Golf Clothes,502,41045.45,57055.2,20604815.9
1999,1999Q1,Sports,Indoor Sports,Fitness,647,60817.65,121857,39349019.55
1999,1999Q1,Sports,Indoor Sports,Gymnastic Clothing,358,9569.26,17024.36,3425795.08
1999,1999Q1,Sports,Indoor Sports,Top Trim,340,39674.61,71773.26,13489367.4
1999,1999Q1,Sports,Racket Sports,Badminton,125,13498.75,18203.8,1687343.75
1999,1999Q1,Sports,Racket Sports,Racket Sports,529,44820.1,76510.4,23709832.9
1999,1999Q1,Sports,Racket Sports,Tennis,554,13944.6,23950.3,7725308.4
1999,1999Q1,Sports,Running - Jogging,Jogging,1321,46763.6,81657.8,61774715.6
1999,1999Q1,Sports,Running - Jogging,Running Clothes,2106,52840.65,95139.8,111282408.9
1999,1999Q1,Sports,Swim Sports,Bathing Suits,1262,25863.8,44130.8,32640115.6
1999,1999Q1,Sports,Team Sports,American Football,431,5990.33,10608.86,2581832.23
1999,1999Q1,Sports,Team Sports,Baseball,381,3604.8,6444.7,1373428.8
1999,1999Q1,Sports,Team Sports,Basket Ball,232,2853.2,4617.65,661942.4
1999,1999Q1,Sports,Team Sports,Soccer,1065,19317.55,36927,20573190.75
1999,1999Q1,Sports,Winter Sports,Ski Dress,1527,213396.5,377411.35,325856455.5
1999,1999Q1,Sports,Winter Sports,Winter Sports,2590,138916.24,247872.79,359793061.6
1999,1999Q2,Children,Children Sports,"A-Team, Kids",601,10243.65,18499.1,6156433.65
1999,1999Q2,Children,Children Sports,"Bathing Suits, Kids",183,3217.11,5552.66,588731.13
1999,1999Q2,Children,Children Sports,"Eclipse, Kid's Clothes",1068,17268.75,34688.2,18443025
1999,1999Q2,Children,Children Sports,"Eclipse, Kid's Shoes",662,13860.84,28052.44,9175876.08
1999,1999Q2,Children,Children Sports,"Lucky Guy, Kids",566,13148.95,23871.1,7442305.7
1999,1999Q2,Children,Children Sports,"N.D. Gear, Kids",1586,41117.88,73708.28,65212957.68
1999,1999Q2,Children,Children Sports,"Olssons, Kids",445,4180.45,7018.3,1860300.25
1999,1999Q2,Children,Children Sports,Orion Kid's Clothes,19,344.8,693.4,6551.2
1999,1999Q2,Children,Children Sports,"Osprey, Kids",1031,15763.2,28603.6,16251859.2
1999,1999Q2,Children,Children Sports,Tracker Kid's Clothes,2458,44840.28,82469.83,110217408.2
1999,1999Q2,Children,Children Sports,"Ypsilon, Kids",250,5289.85,9378.6,1322462.5
1999,1999Q2,Clothes & Shoes,Clothes,Eclipse Clothing,5658,156126.53,313701.98,883363906.7
1999,1999Q2,Clothes & Shoes,Clothes,Green Tomato,324,9264.65,15443.8,3001746.6
1999,1999Q2,Clothes & Shoes,Clothes,Knitwear,894,43345.25,75620.3,38750653.5
1999,1999Q2,Clothes & Shoes,Clothes,LSF,601,31183.95,59883.5,18741553.95
1999,1999Q2,Clothes & Shoes,Clothes,Leisure,584,26349.4,47715.8,15388049.6
1999,1999Q2,Clothes & Shoes,Clothes,Massif,78,11770.9,22468,918130.2
1999,1999Q2,Clothes & Shoes,Clothes,Orion,1397,65043.29,124513.29,90865476.13
1999,1999Q2,Clothes & Shoes,Clothes,Orion Clothing,864,23831.66,45875.11,20590554.24
1999,1999Q2,Clothes & Shoes,Clothes,Osprey,470,16426.85,28081.8,7720619.5
1999,1999Q2,Clothes & Shoes,Clothes,Shorts,258,3866.85,6897.7,997647.3
1999,1999Q2,Clothes & Shoes,Clothes,Stockings & Socks,406,3703.15,6306.9,1503478.9
1999,1999Q2,Clothes & Shoes,Clothes,Street Wear,847,33972.55,58897.3,28774749.85
1999,1999Q2,Clothes & Shoes,Clothes,T-Shirts,639,9721.43,17852.43,6211993.77
1999,1999Q2,Clothes & Shoes,Clothes,Tracker Clothes,4815,126424.97,233424.42,608736230.5
1999,1999Q2,Clothes & Shoes,Clothes,Twain,96,12789.55,25292.35,1227796.8
1999,1999Q2,Clothes & Shoes,Shoes,Eclipse Shoes,6853,340341.14,686906.59,2332357832
1999,1999Q2,Clothes & Shoes,Shoes,Shoes,3050,159684.09,296426.49,487036474.5
1999,1999Q2,Clothes & Shoes,Shoes,Tracker Shoes,3927,160034.65,294621.7,628456070.6
1999,1999Q2,Outdoors,Outdoors,Anoraks & Parkas,2060,162450.51,291965.71,334648050.6
1999,1999Q2,Outdoors,Outdoors,Backpacks,1497,102754.45,197134.25,153823411.6
1999,1999Q2,Outdoors,Outdoors,Gloves & Mittens,234,5557.95,9617,1300560.3
1999,1999Q2,Outdoors,Outdoors,Knitted Accessories,166,2012.5,3441.8,334075
1999,1999Q2,Outdoors,Outdoors,Outdoor Gear,4488,192599.91,342417.71,864388396.1
1999,1999Q2,Outdoors,Outdoors,Sleepingbags,3980,181599.5,357953.7,722766010
1999,1999Q2,Outdoors,Outdoors,Tents,1699,300826,606291,511103374
1999,1999Q2,Sports,Assorted Sports Articles,Assorted Sports articles,6837,237328.185,430240.385,1622612801
1999,1999Q2,Sports,Assorted Sports Articles,Darts,1094,20502.95,34922.3,22430227.3
1999,1999Q2,Sports,Assorted Sports Articles,Petanque - Boule,1041,25301.1,45566,26338445.1
1999,1999Q2,Sports,Assorted Sports Articles,Skates,4825,444409.07,940072.82,2144273763
1999,1999Q2,Sports,Golf,Golf,3469,180709.21,376437.36,626880249.5
1999,1999Q2,Sports,Golf,Golf Clothes,1068,84713.95,116364.5,90474498.6
1999,1999Q2,Sports,Indoor Sports,Fitness,334,24463.65,49631.7,8170859.1
1999,1999Q2,Sports,Indoor Sports,Gymnastic Clothing,189,4850.05,8623.4,916659.45
1999,1999Q2,Sports,Indoor Sports,Top Trim,168,18469.15,33200.4,3102817.2
1999,1999Q2,Sports,Racket Sports,Badminton,81,9269.75,12360.1,750849.75
1999,1999Q2,Sports,Racket Sports,Racket Sports,914,71155.3,122259,65035944.2
1999,1999Q2,Sports,Racket Sports,Tennis,1456,36854.14,63756.69,53659627.84
1999,1999Q2,Sports,Running - Jogging,Jogging,2230,77019.97,135086.27,171754533.1
1999,1999Q2,Sports,Running - Jogging,Running Clothes,3278,77014.33,139473.38,252452973.7
1999,1999Q2,Sports,Swim Sports,Bathing Suits,3010,60166.38,104046.83,181100803.8
1999,1999Q2,Sports,Team Sports,American Football,1054,14193.8,25565.66,14960265.2
1999,1999Q2,Sports,Team Sports,Baseball,981,9366.07,16553.82,9188114.67
1999,1999Q2,Sports,Team Sports,Basket Ball,113,1385.3,2245.35,156538.9
1999,1999Q2,Sports,Team Sports,Soccer,2866,48241.71,94383.51,138260740.9
1999,1999Q2,Sports,Winter Sports,Ski Dress,533,75872.7,133340.6,40440149.1
1999,1999Q2,Sports,Winter Sports,Winter Sports,1022,55672.725,98540.875,56897524.95
1999,1999Q3,Children,Children Sports,"A-Team, Kids",537,8833.93,16410.53,4743820.41
1999,1999Q3,Children,Children Sports,"Bathing Suits, Kids",187,2977.75,5128.4,556839.25
1999,1999Q3,Children,Children Sports,"Eclipse, Kid's Clothes",1073,16820.45,33870.3,18048342.85
1999,1999Q3,Children,Children Sports,"Eclipse, Kid's Shoes",630,13593.21,27367.86,8563722.3
1999,1999Q3,Children,Children Sports,"Lucky Guy, Kids",521,12200.65,22136.8,6356538.65
1999,1999Q3,Children,Children Sports,"N.D. Gear, Kids",1520,40754.79,73453.64,61947280.8
1999,1999Q3,Children,Children Sports,"Olssons, Kids",433,3883.9,6521.1,1681728.7
1999,1999Q3,Children,Children Sports,Orion Kid's Clothes,29,496.4,998.6,14395.6
1999,1999Q3,Children,Children Sports,"Osprey, Kids",829,12317.19,22507.64,10210950.51
1999,1999Q3,Children,Children Sports,Tracker Kid's Clothes,2400,42517.75,78770.2,102042600
1999,1999Q3,Children,Children Sports,"Ypsilon, Kids",220,4860.5,8617.9,1069310
1999,1999Q3,Clothes & Shoes,Clothes,Eclipse Clothing,5879,167951.51,339165.56,987386927.3
1999,1999Q3,Clothes & Shoes,Clothes,Green Tomato,327,8952.58,15093.23,2927493.66
1999,1999Q3,Clothes & Shoes,Clothes,Knitwear,623,30528.1,53393,19019006.3
1999,1999Q3,Clothes & Shoes,Clothes,LSF,702,35957.7,68991.6,25242305.4
1999,1999Q3,Clothes & Shoes,Clothes,Leisure,524,22507.11,40981.81,11793725.64
1999,1999Q3,Clothes & Shoes,Clothes,Massif,51,7595.85,14499,387388.35
1999,1999Q3,Clothes & Shoes,Clothes,Orion,1462,67466.96,129896.56,98636695.52
1999,1999Q3,Clothes & Shoes,Clothes,Orion Clothing,904,23741.55,45558.9,21462361.2
1999,1999Q3,Clothes & Shoes,Clothes,Osprey,505,17693.85,30080.5,8935394.25
1999,1999Q3,Clothes & Shoes,Clothes,Shorts,269,4190.91,7716.31,1127354.79
1999,1999Q3,Clothes & Shoes,Clothes,Stockings & Socks,513,4642.45,7895.1,2381576.85
1999,1999Q3,Clothes & Shoes,Clothes,Street Wear,911,37914.7,65530.75,34540291.7
1999,1999Q3,Clothes & Shoes,Clothes,T-Shirts,679,10666.4,19206.4,7242485.6
1999,1999Q3,Clothes & Shoes,Clothes,Tracker Clothes,4925,128263.95,238193.55,631699953.7
1999,1999Q3,Clothes & Shoes,Clothes,Twain,147,19493.075,37925.825,2865482.025
1999,1999Q3,Clothes & Shoes,Shoes,Eclipse Shoes,6592,326052.82,658727.22,2149340189
1999,1999Q3,Clothes & Shoes,Shoes,Shoes,3052,158739.95,296365.35,484474327.4
1999,1999Q3,Clothes & Shoes,Shoes,Tracker Shoes,3556,141540.81,264627.76,503319120.4
1999,1999Q3,Outdoors,Outdoors,Anoraks & Parkas,1112,86576,154595.1,96272512
1999,1999Q3,Outdoors,Outdoors,Backpacks,1187,79752.73,151140.78,94666490.51
1999,1999Q3,Outdoors,Outdoors,Gloves & Mittens,244,5535.25,9519.7,1350601
1999,1999Q3,Outdoors,Outdoors,Knitted Accessories,145,1698.15,2888.3,246231.75
1999,1999Q3,Outdoors,Outdoors,Outdoor Gear,3979,170742.57,302470.77,679384686
1999,1999Q3,Outdoors,Outdoors,Sleepingbags,3436,156490.1,308182.7,537699983.6
1999,1999Q3,Outdoors,Outdoors,Tents,1480,261444.7,530594.1,386938156
1999,1999Q3,Sports,Assorted Sports Articles,Assorted Sports articles,6766,230609.54,420054.69,1560304148
1999,1999Q3,Sports,Assorted Sports Articles,Darts,932,16758.2,28542.7,15618642.4
1999,1999Q3,Sports,Assorted Sports Articles,Petanque - Boule,914,22108.85,39936.3,20207488.9
1999,1999Q3,Sports,Assorted Sports Articles,Skates,4236,397796.86,834389.06,1685067499
1999,1999Q3,Sports,Golf,Golf,3136,164126.37,339269.82,514700296.3
1999,1999Q3,Sports,Golf,Golf Clothes,1161,88682.11,124474.91,102959929.7
1999,1999Q3,Sports,Indoor Sports,Fitness,491,36026,72324,17688766
1999,1999Q3,Sports,Indoor Sports,Gymnastic Clothing,273,7434.9,13138.3,2029727.7
1999,1999Q3,Sports,Indoor Sports,Top Trim,219,21973.25,39486.7,4812141.75
1999,1999Q3,Sports,Racket Sports,Badminton,117,12616.9,17102.5,1476177.3
1999,1999Q3,Sports,Racket Sports,Racket Sports,1066,87373.75,150270.7,93140417.5
1999,1999Q3,Sports,Racket Sports,Tennis,907,24178.42,41729.42,21929826.94
1999,1999Q3,Sports,Running - Jogging,Jogging,1992,69841.89,122154.54,139125044.9
1999,1999Q3,Sports,Running - Jogging,Running Clothes,3179,77546.57,141552.77,246520546
1999,1999Q3,Sports,Swim Sports,Bathing Suits,2521,48689.49,84431.89,122746204.3
1999,1999Q3,Sports,Team Sports,American Football,804,9825.32,18537.1,7899557.28
1999,1999Q3,Sports,Team Sports,Baseball,770,6509.77,12215.82,5012522.9
1999,1999Q3,Sports,Team Sports,Basket Ball,163,1999.66,3240.06,325944.58
1999,1999Q3,Sports,Team Sports,Soccer,1942,34462.28,66863.28,66925747.76
1999,1999Q3,Sports,Winter Sports,Ski Dress,485,70380.1,123494.5,34134348.5
1999,1999Q3,Sports,Winter Sports,Winter Sports,1048,56310,99763.15,59012880
1999,1999Q4,Children,Children Sports,"A-Team, Kids",473,7457.5,13550.2,3527397.5
1999,1999Q4,Children,Children Sports,"Bathing Suits, Kids",64,1113.45,1918.5,71260.8
1999,1999Q4,Children,Children Sports,"Eclipse, Kid's Clothes",932,13973.42,28283.72,13023227.44
1999,1999Q4,Children,Children Sports,"Eclipse, Kid's Shoes",585,11967.81,24444.06,7001168.85
1999,1999Q4,Children,Children Sports,"Lucky Guy, Kids",507,11210.7,20491,5683824.9
1999,1999Q4,Children,Children Sports,"N.D. Gear, Kids",1093,28336.69,50627.24,30972002.17
1999,1999Q4,Children,Children Sports,"Olssons, Kids",339,3121.05,5280.3,1058035.95
1999,1999Q4,Children,Children Sports,Orion Kid's Clothes,33,467.2,941,15417.6
1999,1999Q4,Children,Children Sports,"Osprey, Kids",720,11154,20187.5,8030880
1999,1999Q4,Children,Children Sports,Tracker Kid's Clothes,1954,35099.49,65046.44,68584403.46
1999,1999Q4,Children,Children Sports,"Ypsilon, Kids",242,5389.05,9553,1304150.1
1999,1999Q4,Clothes & Shoes,Clothes,Eclipse Clothing,5042,140445.6,282644.6,708126715.2
1999,1999Q4,Clothes & Shoes,Clothes,Green Tomato,272,7219.5,12373.5,1963704
1999,1999Q4,Clothes & Shoes,Clothes,Knitwear,1208,61299.5,106789.9,74049796
1999,1999Q4,Clothes & Shoes,Clothes,LSF,615,30139.98,58752.78,18536087.7
1999,1999Q4,Clothes & Shoes,Clothes,Leisure,475,20566.75,37293.1,9769206.25
1999,1999Q4,Clothes & Shoes,Clothes,Massif,67,10438.65,19924,699389.55
1999,1999Q4,Clothes & Shoes,Clothes,Orion,1267,59284.63,114143.68,75113626.21
1999,1999Q4,Clothes & Shoes,Clothes,Orion Clothing,764,21028.87,40399.12,16066056.68
1999,1999Q4,Clothes & Shoes,Clothes,Osprey,468,15539.52,26640.92,7272495.36
1999,1999Q4,Clothes & Shoes,Clothes,Shorts,125,1925.1,3433,240637.5
1999,1999Q4,Clothes & Shoes,Clothes,Stockings & Socks,438,3930.75,6714.6,1721668.5
1999,1999Q4,Clothes & Shoes,Clothes,Street Wear,749,29241.17,50914.42,21901636.33
1999,1999Q4,Clothes & Shoes,Clothes,T-Shirts,307,4922.4,8836.7,1511176.8
1999,1999Q4,Clothes & Shoes,Clothes,Tracker Clothes,4583,122285.02,226909.52,560432246.7
1999,1999Q4,Clothes & Shoes,Clothes,Twain,111,14037.15,27163.85,1558123.65
1999,1999Q4,Clothes & Shoes,Shoes,Eclipse Shoes,4491,220287.11,443837.36,989309411
1999,1999Q4,Clothes & Shoes,Shoes,Shoes,2073,106766.49,199992.74,221326933.8
1999,1999Q4,Clothes & Shoes,Shoes,Tracker Shoes,2604,108020.29,198944.24,281284835.2
1999,1999Q4,Outdoors,Outdoors,Anoraks & Parkas,2361,185557.94,333858.44,438102296.3
1999,1999Q4,Outdoors,Outdoors,Backpacks,1125,77679.15,146663.1,87389043.75
1999,1999Q4,Outdoors,Outdoors,Gloves & Mittens,523,12634.05,21833.9,6607608.15
1999,1999Q4,Outdoors,Outdoors,Knitted Accessories,364,4321.58,7437.28,1573055.12
1999,1999Q4,Outdoors,Outdoors,Outdoor Gear,2113,90356.5,159591.5,190923284.5
1999,1999Q4,Outdoors,Outdoors,Sleepingbags,1965,89234.85,175719.4,175346480.3
1999,1999Q4,Outdoors,Outdoors,Tents,817,145481.8,293892.6,118858630.6
1999,1999Q4,Sports,Assorted Sports Articles,Assorted Sports articles,6106,208643.455,379600.855,1273976936
1999,1999Q4,Sports,Assorted Sports Articles,Darts,1987,36701.05,62546.9,72924986.35
1999,1999Q4,Sports,Assorted Sports Articles,Petanque - Boule,452,10885.5,19629.2,4920246
1999,1999Q4,Sports,Assorted Sports Articles,Skates,2339,220520.25,458122.1,515796864.8
1999,1999Q4,Sports,Golf,Golf,2342,126166.37,258909.47,295481638.5
1999,1999Q4,Sports,Golf,Golf Clothes,793,64638.56,89872.21,51258378.08
1999,1999Q4,Sports,Indoor Sports,Fitness,636,67693.09,134976.04,43052805.24
1999,1999Q4,Sports,Indoor Sports,Gymnastic Clothing,434,11068.11,19637.86,4803559.74
1999,1999Q4,Sports,Indoor Sports,Top Trim,373,40132.53,73103.18,14969433.69
1999,1999Q4,Sports,Racket Sports,Badminton,220,22095.05,30234.5,4860911
1999,1999Q4,Sports,Racket Sports,Racket Sports,1038,87916.55,149015.7,91257378.9
1999,1999Q4,Sports,Racket Sports,Tennis,881,23484.18,41188.18,20689562.58
1999,1999Q4,Sports,Running - Jogging,Jogging,1534,51199.37,91117.77,78539833.58
1999,1999Q4,Sports,Running - Jogging,Running Clothes,2172,51992.59,94407.94,112927905.5
1999,1999Q4,Sports,Swim Sports,Bathing Suits,1117,22944.55,39209.1,25629062.35
1999,1999Q4,Sports,Team Sports,American Football,684,8915.87,16188.9,6098455.08
1999,1999Q4,Sports,Team Sports,Baseball,534,5409.76,9394.06,2888811.84
1999,1999Q4,Sports,Team Sports,Basket Ball,196,2416,3905.85,473536
1999,1999Q4,Sports,Team Sports,Soccer,1905,35714.88,69232.78,68036846.4
1999,1999Q4,Sports,Winter Sports,Ski Dress,1399,196434.88,346267.43,274812397.1
1999,1999Q4,Sports,Winter Sports,Winter Sports,2386,123899.43,222812.08,295624040
2000,2000Q1,Children,Children Sports,"A-Team, Kids",310,5627.45,10163.7,1744509.5
2000,2000Q1,Children,Children Sports,"Bathing Suits, Kids",90,1618.5,2800.1,145665
2000,2000Q1,Children,Children Sports,"Eclipse, Kid's Clothes",585,9501.15,19079.1,5558172.75
2000,2000Q1,Children,Children Sports,"Eclipse, Kid's Shoes",351,7508.55,15082.5,2635501.05
2000,2000Q1,Children,Children Sports,"Lucky Guy, Kids",289,7193.2,13020,2078834.8
2000,2000Q1,Children,Children Sports,"N.D. Gear, Kids",786,21158.45,37889.7,16630541.7
2000,2000Q1,Children,Children Sports,"Olssons, Kids",254,2362.75,3984.3,600138.5
2000,2000Q1,Children,Children Sports,Orion Kid's Clothes,15,278.6,560.2,4179
2000,2000Q1,Children,Children Sports,"Osprey, Kids",491,7658.5,13878.5,3760323.5
2000,2000Q1,Children,Children Sports,Tracker Kid's Clothes,1308,23972.55,43936.2,31356095.4
2000,2000Q1,Children,Children Sports,"Ypsilon, Kids",158,3451.3,6117.5,545305.4
2000,2000Q1,Clothes & Shoes,Clothes,Eclipse Clothing,3503,103567.35,207490.2,362796427.1
2000,2000Q1,Clothes & Shoes,Clothes,Green Tomato,206,5901.15,9835.5,1215636.9
2000,2000Q1,Clothes & Shoes,Clothes,Knitwear,1704,85894.65,150673.8,146364483.6
2000,2000Q1,Clothes & Shoes,Clothes,LSF,355,18643.15,35897.3,6618318.25
2000,2000Q1,Clothes & Shoes,Clothes,Leisure,328,15236.05,27562.5,4997424.4
2000,2000Q1,Clothes & Shoes,Clothes,Massif,42,6465.7,12341,271559.4
2000,2000Q1,Clothes & Shoes,Clothes,Orion,836,41966.9,79794.1,35084328.4
2000,2000Q1,Clothes & Shoes,Clothes,Orion Clothing,529,14497.2,27745.6,7669018.8
2000,2000Q1,Clothes & Shoes,Clothes,Osprey,321,11403,19554.7,3660363
2000,2000Q1,Clothes & Shoes,Clothes,Shorts,175,2513.6,4497.4,439880
2000,2000Q1,Clothes & Shoes,Clothes,Stockings & Socks,315,2876.7,4894.1,906160.5
2000,2000Q1,Clothes & Shoes,Clothes,Street Wear,493,19939,34400.6,9829927
2000,2000Q1,Clothes & Shoes,Clothes,T-Shirts,381,6253,11191.2,2382393
2000,2000Q1,Clothes & Shoes,Clothes,Tracker Clothes,2999,80871.4,148782.7,242533328.6
2000,2000Q1,Clothes & Shoes,Clothes,Twain,79,10923.45,21109.75,862952.55
2000,2000Q1,Clothes & Shoes,Shoes,Eclipse Shoes,4810,239996.2,483996.2,1154381722
2000,2000Q1,Clothes & Shoes,Shoes,Shoes,2107,112862.7,209241.7,237801708.9
2000,2000Q1,Clothes & Shoes,Shoes,Tracker Shoes,2591,107826.1,198561.7,279377425.1
2000,2000Q1,Outdoors,Outdoors,Anoraks & Parkas,3693,286258.11,509988.26,1057151200
2000,2000Q1,Outdoors,Outdoors,Backpacks,722,51118.9,96410,36907845.8
2000,2000Q1,Outdoors,Outdoors,Gloves & Mittens,305,7856.85,13720.5,2396339.25
2000,2000Q1,Outdoors,Outdoors,Knitted Accessories,412,4907.02,8510.82,2021692.24
2000,2000Q1,Outdoors,Outdoors,Outdoor Gear,2385,99460.05,175673.3,237212219.2
2000,2000Q1,Outdoors,Outdoors,Sleepingbags,1953,89304.85,175873.7,174412372.1
2000,2000Q1,Outdoors,Outdoors,Tents,863,158431.45,321752.8,136726341.3
2000,2000Q1,Sports,Assorted Sports Articles,Assorted Sports articles,4775,167936.25,304040.4,801895593.8
2000,2000Q1,Sports,Assorted Sports Articles,Darts,1474,27860.05,47481,41065713.7
2000,2000Q1,Sports,Assorted Sports Articles,Petanque - Boule,441,10806.9,19526.8,4765842.9
2000,2000Q1,Sports,Assorted Sports Articles,Skates,2361,227123.8,469374.5,536239291.8
2000,2000Q1,Sports,Golf,Golf,1863,99002.8,204362.2,184442216.4
2000,2000Q1,Sports,Golf,Golf Clothes,645,53465.2,73382.4,34485054
2000,2000Q1,Sports,Indoor Sports,Fitness,737,71593.61,143166.86,52764490.57
2000,2000Q1,Sports,Indoor Sports,Gymnastic Clothing,356,9369.91,16607.06,3335687.96
2000,2000Q1,Sports,Indoor Sports,Top Trim,410,45710.71,83495.91,18741391.1
2000,2000Q1,Sports,Racket Sports,Badminton,166,18776.65,25382.1,3116923.9
2000,2000Q1,Sports,Racket Sports,Racket Sports,613,48585.45,84220.4,29782880.85
2000,2000Q1,Sports,Racket Sports,Tennis,624,16812.7,28941.5,10491124.8
2000,2000Q1,Sports,Running - Jogging,Jogging,1591,55638.65,97240.6,88521092.15
2000,2000Q1,Sports,Running - Jogging,Running Clothes,2480,61148.9,110376,151649272
2000,2000Q1,Sports,Swim Sports,Bathing Suits,1204,24921.55,42520.4,30005546.2
2000,2000Q1,Sports,Team Sports,American Football,447,6219.33,11011.5,2780040.51
2000,2000Q1,Sports,Team Sports,Baseball,426,3822.55,6934.3,1628406.3
2000,2000Q1,Sports,Team Sports,Basket Ball,220,2740.56,4408.66,602923.2
2000,2000Q1,Sports,Team Sports,Soccer,1256,23244.1,44608.8,29194589.6
2000,2000Q1,Sports,Winter Sports,Ski Dress,1861,254706.73,453056.63,474009224.5
2000,2000Q1,Sports,Winter Sports,Winter Sports,3462,187819.415,332491.165,650230814.7
2000,2000Q2,Children,Children Sports,"A-Team, Kids",537,9052.2,16350.7,4861031.4
2000,2000Q2,Children,Children Sports,"Bathing Suits, Kids",207,3472.2,5998.2,718745.4
2000,2000Q2,Children,Children Sports,"Eclipse, Kid's Clothes",1199,19415.03,39004.03,23278620.97
2000,2000Q2,Children,Children Sports,"Eclipse, Kid's Shoes",728,15364.34,31014.99,11185239.52
2000,2000Q2,Children,Children Sports,"Lucky Guy, Kids",567,12903.05,23485.1,7316029.35
2000,2000Q2,Children,Children Sports,"N.D. Gear, Kids",1676,45402.42,81242.87,76094455.92
2000,2000Q2,Children,Children Sports,"Olssons, Kids",511,4619.05,7715.4,2360334.55
2000,2000Q2,Children,Children Sports,Orion Kid's Clothes,19,351.1,706,6670.9
2000,2000Q2,Children,Children Sports,"Osprey, Kids",968,14924.33,27010.08,14446751.44
2000,2000Q2,Children,Children Sports,Tracker Kid's Clothes,2512,45018.1,82924.35,113085467.2
2000,2000Q2,Children,Children Sports,"Ypsilon, Kids",259,5711.75,10125.8,1479343.25
2000,2000Q2,Clothes & Shoes,Clothes,Eclipse Clothing,6755,191287.4,384318.35,1292146387
2000,2000Q2,Clothes & Shoes,Clothes,Green Tomato,407,12023.15,20037,4893422.05
2000,2000Q2,Clothes & Shoes,Clothes,Knitwear,1089,54432.25,95199.3,59276720.25
2000,2000Q2,Clothes & Shoes,Clothes,LSF,797,40207.2,77149,32045138.4
2000,2000Q2,Clothes & Shoes,Clothes,Leisure,678,31398.95,56801.7,21288488.1
2000,2000Q2,Clothes & Shoes,Clothes,Massif,103,15519.2,29622,1598477.6
2000,2000Q2,Clothes & Shoes,Clothes,Orion,1799,86710.5,166252.65,155992189.5
2000,2000Q2,Clothes & Shoes,Clothes,Orion Clothing,1007,27650.78,53412.63,27844335.46
2000,2000Q2,Clothes & Shoes,Clothes,Osprey,652,21752.5,36711.1,14182630
2000,2000Q2,Clothes & Shoes,Clothes,Shorts,293,4339.4,7749.4,1271444.2
2000,2000Q2,Clothes & Shoes,Clothes,Stockings & Socks,499,4672.3,7965.9,2331477.7
2000,2000Q2,Clothes & Shoes,Clothes,Street Wear,949,36509.1,63409.1,34647135.9
2000,2000Q2,Clothes & Shoes,Clothes,T-Shirts,765,11090.12,20440.87,8483941.8
2000,2000Q2,Clothes & Shoes,Clothes,Tracker Clothes,5941,164258.02,302537.72,975856896.8
2000,2000Q2,Clothes & Shoes,Clothes,Twain,149,20033.45,38452.15,2984984.05
2000,2000Q2,Clothes & Shoes,Shoes,Eclipse Shoes,7717,378502.71,765253.46,2920905413
2000,2000Q2,Clothes & Shoes,Shoes,Shoes,3377,178159.74,330792.39,601645442
2000,2000Q2,Clothes & Shoes,Shoes,Tracker Shoes,4226,173593.67,320046.27,733606849.4
2000,2000Q2,Outdoors,Outdoors,Anoraks & Parkas,2367,183170.51,329619.56,433564597.2
2000,2000Q2,Outdoors,Outdoors,Backpacks,1810,124273.87,236848.37,224935704.7
2000,2000Q2,Outdoors,Outdoors,Gloves & Mittens,280,6607.55,11537.9,1850114
2000,2000Q2,Outdoors,Outdoors,Knitted Accessories,207,2315.65,3938,479339.55
2000,2000Q2,Outdoors,Outdoors,Outdoor Gear,5443,237044.73,420435.13,1290234465
2000,2000Q2,Outdoors,Outdoors,Sleepingbags,4628,210270.7,414518.5,973132799.6
2000,2000Q2,Outdoors,Outdoors,Tents,2018,356591.8,726506.6,719602252.4
2000,2000Q2,Sports,Assorted Sports Articles,Assorted Sports articles,7980,277982.04,504459.69,2218296679
2000,2000Q2,Sports,Assorted Sports Articles,Darts,1268,24188.6,41254.3,30671144.8
2000,2000Q2,Sports,Assorted Sports Articles,Petanque - Boule,1240,30612.8,55057.4,37959872
2000,2000Q2,Sports,Assorted Sports Articles,Skates,6016,552970.51,1159837.26,3326670588
2000,2000Q2,Sports,Golf,Golf,4269,221011.95,463360.5,943500014.6
2000,2000Q2,Sports,Golf,Golf Clothes,1367,107704.01,150656.96,147231381.7
2000,2000Q2,Sports,Indoor Sports,Fitness,373,29211.85,58081.2,10896020.05
2000,2000Q2,Sports,Indoor Sports,Gymnastic Clothing,195,5241.65,9295.5,1022121.75
2000,2000Q2,Sports,Indoor Sports,Top Trim,184,20651.8,37155.1,3799931.2
2000,2000Q2,Sports,Racket Sports,Badminton,94,13037.85,17076.5,1225557.9
2000,2000Q2,Sports,Racket Sports,Racket Sports,1094,89128.35,152396.5,97506414.9
2000,2000Q2,Sports,Racket Sports,Tennis,1664,42833.4,74367.3,71274777.6
2000,2000Q2,Sports,Running - Jogging,Jogging,2532,89904.88,157296.68,227639156.2
2000,2000Q2,Sports,Running - Jogging,Running Clothes,3761,91769.64,166192.89,345145616
2000,2000Q2,Sports,Swim Sports,Bathing Suits,3596,70695.71,122146.56,254221773.2
2000,2000Q2,Sports,Team Sports,American Football,1184,16031.51,28626.66,18981307.84
2000,2000Q2,Sports,Team Sports,Baseball,934,9107.17,16095.97,8506096.78
2000,2000Q2,Sports,Team Sports,Basket Ball,144,1795.52,2887.12,258554.88
2000,2000Q2,Sports,Team Sports,Soccer,3674,64957.25,127550,238652936.5
2000,2000Q2,Sports,Winter Sports,Ski Dress,596,85683,150419.5,51067068
2000,2000Q2,Sports,Winter Sports,Winter Sports,1182,66382.45,118497.4,78464055.9
2000,2000Q3,Children,Children Sports,"A-Team, Kids",668,10689.75,20152.05,7140753
2000,2000Q3,Children,Children Sports,"Bathing Suits, Kids",179,3053,5269.9,546487
2000,2000Q3,Children,Children Sports,"Eclipse, Kid's Clothes",1271,21049.46,42363.31,26753863.66
2000,2000Q3,Children,Children Sports,"Eclipse, Kid's Shoes",779,16434.97,33142.82,12802841.63
2000,2000Q3,Children,Children Sports,"Lucky Guy, Kids",650,15493,28017.5,10070450
2000,2000Q3,Children,Children Sports,"N.D. Gear, Kids",1776,45839.94,82339.89,81411733.44
2000,2000Q3,Children,Children Sports,"Olssons, Kids",556,4934.45,8285.9,2743554.2
2000,2000Q3,Children,Children Sports,Orion Kid's Clothes,30,519.65,1045.3,15589.5
2000,2000Q3,Children,Children Sports,"Osprey, Kids",1067,17238.03,31431.83,18392978.01
2000,2000Q3,Children,Children Sports,Tracker Kid's Clothes,3022,53352.91,99103.21,161232494
2000,2000Q3,Children,Children Sports,"Ypsilon, Kids",310,6694.2,11862.5,2075202
2000,2000Q3,Clothes & Shoes,Clothes,Eclipse Clothing,7332,209707.67,423223.37,1537576636
2000,2000Q3,Clothes & Shoes,Clothes,Green Tomato,421,11289.35,19139.5,4752816.35
2000,2000Q3,Clothes & Shoes,Clothes,Knitwear,808,42423,73947.4,34277784
2000,2000Q3,Clothes & Shoes,Clothes,LSF,821,43013.15,82724.3,35313796.15
2000,2000Q3,Clothes & Shoes,Clothes,Leisure,755,34172.3,62061.4,25800086.5
2000,2000Q3,Clothes & Shoes,Clothes,Massif,89,13419.5,25614.2,1194335.5
2000,2000Q3,Clothes & Shoes,Clothes,Orion,1725,83282.47,158912.97,143662260.8
2000,2000Q3,Clothes & Shoes,Clothes,Orion Clothing,1056,29772.19,57279.09,31439432.64
2000,2000Q3,Clothes & Shoes,Clothes,Osprey,744,26099.5,44233.5,19418028
2000,2000Q3,Clothes & Shoes,Clothes,Shorts,390,5348.93,9799.08,2086082.7
2000,2000Q3,Clothes & Shoes,Clothes,Stockings & Socks,574,5239.79,8917.69,3007639.46
2000,2000Q3,Clothes & Shoes,Clothes,Street Wear,1030,41974.16,72471.66,43233384.8
2000,2000Q3,Clothes & Shoes,Clothes,T-Shirts,826,13702.15,24482.3,11317975.9
2000,2000Q3,Clothes & Shoes,Clothes,Tracker Clothes,6476,171995.78,319697.43,1113844671
2000,2000Q3,Clothes & Shoes,Clothes,Twain,163,22096.25,43577.75,3601688.75
2000,2000Q3,Clothes & Shoes,Shoes,Eclipse Shoes,7850,383969.46,775016.01,3014160261
2000,2000Q3,Clothes & Shoes,Shoes,Shoes,3396,179442.31,334047.06,609386084.8
2000,2000Q3,Clothes & Shoes,Shoes,Tracker Shoes,4311,175171.01,326785.51,755162224.1
2000,2000Q3,Outdoors,Outdoors,Anoraks & Parkas,1455,114538,204465.7,166652790
2000,2000Q3,Outdoors,Outdoors,Backpacks,1565,110410.07,209022.72,172791759.6
2000,2000Q3,Outdoors,Outdoors,Gloves & Mittens,316,7562.1,13123.3,2389623.6
2000,2000Q3,Outdoors,Outdoors,Knitted Accessories,209,2478.65,4224.2,518037.85
2000,2000Q3,Outdoors,Outdoors,Outdoor Gear,4925,221231.23,390306.68,1089563808
2000,2000Q3,Outdoors,Outdoors,Sleepingbags,4243,195212.2,384673.6,828285364.6
2000,2000Q3,Outdoors,Outdoors,Tents,1858,327773.45,667781.5,609003070.1
2000,2000Q3,Sports,Assorted Sports Articles,Assorted Sports articles,8728,305694.22,557402.52,2668099152
2000,2000Q3,Sports,Assorted Sports Articles,Darts,1255,23093.65,39365.7,28982530.75
2000,2000Q3,Sports,Assorted Sports Articles,Petanque - Boule,934,23134.75,41772.4,21607856.5
2000,2000Q3,Sports,Assorted Sports Articles,Skates,5361,514154.05,1077435,2756379862
2000,2000Q3,Sports,Golf,Golf,3979,210724.14,436212.74,838471353.1
2000,2000Q3,Sports,Golf,Golf Clothes,1431,110731.03,158330.83,158456103.9
2000,2000Q3,Sports,Indoor Sports,Fitness,541,52509.8,105373.9,28407801.8
2000,2000Q3,Sports,Indoor Sports,Gymnastic Clothing,348,9689.9,17146.2,3372085.2
2000,2000Q3,Sports,Indoor Sports,Top Trim,298,34017.85,60931.2,10137319.3
2000,2000Q3,Sports,Racket Sports,Badminton,157,18751.1,25360.8,2943922.7
2000,2000Q3,Sports,Racket Sports,Racket Sports,1104,97529.05,165035.1,107672071.2
2000,2000Q3,Sports,Racket Sports,Tennis,1078,27191.38,47097.88,29312307.64
2000,2000Q3,Sports,Running - Jogging,Jogging,2767,98527.72,172113.87,272626201.2
2000,2000Q3,Sports,Running - Jogging,Running Clothes,3943,93053.36,171896.46,366909398.5
2000,2000Q3,Sports,Swim Sports,Bathing Suits,3004,59923.15,103539,180009142.6
2000,2000Q3,Sports,Team Sports,American Football,1103,13326.86,25122.94,14699526.58
2000,2000Q3,Sports,Team Sports,Baseball,909,8433.83,15573.73,7666351.47
2000,2000Q3,Sports,Team Sports,Basket Ball,217,2760.58,4397.58,599045.86
2000,2000Q3,Sports,Team Sports,Soccer,2587,47291.15,91645.4,122342205
2000,2000Q3,Sports,Winter Sports,Ski Dress,626,91873.35,161434.2,57512717.1
2000,2000Q3,Sports,Winter Sports,Winter Sports,1199,64740.95,114992.55,77624399.05
2000,2000Q4,Children,Children Sports,"A-Team, Kids",543,9631.59,17435.74,5229953.37
2000,2000Q4,Children,Children Sports,"Bathing Suits, Kids",92,1583.5,2722.4,145682
2000,2000Q4,Children,Children Sports,"Eclipse, Kid's Clothes",1091,17039.05,34520.7,18589603.55
2000,2000Q4,Children,Children Sports,"Eclipse, Kid's Shoes",602,12715.16,25788.06,7654526.32
2000,2000Q4,Children,Children Sports,"Lucky Guy, Kids",538,13504.9,24478,7265636.2
2000,2000Q4,Children,Children Sports,"N.D. Gear, Kids",1474,38362.19,68761.24,56545868.06
2000,2000Q4,Children,Children Sports,"Olssons, Kids",423,3921.35,6575.4,1658731.05
2000,2000Q4,Children,Children Sports,Orion Kid's Clothes,31,439.1,884.4,13612.1
2000,2000Q4,Children,Children Sports,"Osprey, Kids",837,13063.56,23545.06,10934199.72
2000,2000Q4,Children,Children Sports,Tracker Kid's Clothes,2276,41527.68,76648.58,94516999.68
2000,2000Q4,Children,Children Sports,"Ypsilon, Kids",239,5151.2,9127.1,1231136.8
2000,2000Q4,Clothes & Shoes,Clothes,Eclipse Clothing,6242,177781.45,357383.8,1109711811
2000,2000Q4,Clothes & Shoes,Clothes,Green Tomato,359,9270.96,16009.46,3328274.64
2000,2000Q4,Clothes & Shoes,Clothes,Knitwear,1436,75644.3,132022.8,108625214.8
2000,2000Q4,Clothes & Shoes,Clothes,LSF,693,32933.83,65241.38,22823144.19
2000,2000Q4,Clothes & Shoes,Clothes,Leisure,674,29168.94,53328.14,19659865.56
2000,2000Q4,Clothes & Shoes,Clothes,Massif,72,10904.6,20813.8,785131.2
2000,2000Q4,Clothes & Shoes,Clothes,Orion,1616,77548.78,148627.78,125318828.5
2000,2000Q4,Clothes & Shoes,Clothes,Orion Clothing,952,27988.05,53555.5,26644623.6
2000,2000Q4,Clothes & Shoes,Clothes,Osprey,528,18091.89,30927.24,9552517.92
2000,2000Q4,Clothes & Shoes,Clothes,Shorts,165,2508.1,4475.9,413836.5
2000,2000Q4,Clothes & Shoes,Clothes,Stockings & Socks,577,5265.85,8903,3038395.45
2000,2000Q4,Clothes & Shoes,Clothes,Street Wear,928,37475.19,65048.94,34776976.32
2000,2000Q4,Clothes & Shoes,Clothes,T-Shirts,393,6275.35,11284.3,2466212.55
2000,2000Q4,Clothes & Shoes,Clothes,Tracker Clothes,5672,152079.12,282492.62,862592768.6
2000,2000Q4,Clothes & Shoes,Clothes,Twain,125,17008.95,32990.2,2126118.75
2000,2000Q4,Clothes & Shoes,Shoes,Eclipse Shoes,5216,257321.02,517964.42,1342186440
2000,2000Q4,Clothes & Shoes,Shoes,Shoes,2284,118675.31,221648.56,271054408
2000,2000Q4,Clothes & Shoes,Shoes,Tracker Shoes,2933,122145.02,224944.12,358251343.7
2000,2000Q4,Outdoors,Outdoors,Anoraks & Parkas,3238,254761.27,460477.62,824916992.3
2000,2000Q4,Outdoors,Outdoors,Backpacks,1411,92640.9,174725,130716309.9
2000,2000Q4,Outdoors,Outdoors,Gloves & Mittens,683,16539.85,28644.3,11296717.55
2000,2000Q4,Outdoors,Outdoors,Knitted Accessories,516,6414.78,11070.68,3310026.48
2000,2000Q4,Outdoors,Outdoors,Outdoor Gear,2656,113955.55,201261.7,302665940.8
2000,2000Q4,Outdoors,Outdoors,Sleepingbags,2419,112989.55,222592,273321721.5
2000,2000Q4,Outdoors,Outdoors,Tents,1072,191251.4,386485.2,205021500.8
2000,2000Q4,Sports,Assorted Sports Articles,Assorted Sports articles,7738,265022.095,479901.845,2050740971
2000,2000Q4,Sports,Assorted Sports Articles,Darts,2411,45726.55,77967.3,110246712.1
2000,2000Q4,Sports,Assorted Sports Articles,Petanque - Boule,498,12224.2,22120.3,6087651.6
2000,2000Q4,Sports,Assorted Sports Articles,Skates,3063,290973,600297,891250299
2000,2000Q4,Sports,Golf,Golf,2735,143613.57,295075.62,392783114
2000,2000Q4,Sports,Golf,Golf Clothes,896,76022.08,103682.83,68115783.68
2000,2000Q4,Sports,Indoor Sports,Fitness,698,72077.42,144310.92,50310039.16
2000,2000Q4,Sports,Indoor Sports,Gymnastic Clothing,492,12888.56,22941.96,6341171.52
2000,2000Q4,Sports,Indoor Sports,Top Trim,470,51115.07,94266.82,24024082.9
2000,2000Q4,Sports,Racket Sports,Badminton,228,28366.55,37390.2,6467573.4
2000,2000Q4,Sports,Racket Sports,Racket Sports,1266,111316.2,190717.1,140926309.2
2000,2000Q4,Sports,Racket Sports,Tennis,1087,27775.84,48377.44,30192338.08
2000,2000Q4,Sports,Running - Jogging,Jogging,1954,66493.53,118474.43,129928357.6
2000,2000Q4,Sports,Running - Jogging,Running Clothes,2805,69648.88,126369.33,195365108.4
2000,2000Q4,Sports,Swim Sports,Bathing Suits,1496,29786.25,50793.2,44560230
2000,2000Q4,Sports,Team Sports,American Football,723,9636.93,17351.2,6967500.39
2000,2000Q4,Sports,Team Sports,Baseball,739,7507.5,13218.7,5548042.5
2000,2000Q4,Sports,Team Sports,Basket Ball,264,3389.12,5376.22,894727.68
2000,2000Q4,Sports,Team Sports,Soccer,2379,42440.81,83017.06,100966687
2000,2000Q4,Sports,Winter Sports,Ski Dress,1435,200689.6,353915.25,287989576
2000,2000Q4,Sports,Winter Sports,Winter Sports,2729,143356.23,258000.48,391219151.7
2001,2001Q1,Children,Children Sports,"A-Team, Kids",260,4400.95,7957.2,1144247
2001,2001Q1,Children,Children Sports,"Bathing Suits, Kids",81,1384.75,2394.3,112164.75
2001,2001Q1,Children,Children Sports,"Eclipse, Kid's Clothes",471,7524.55,15135,3544063.05
2001,2001Q1,Children,Children Sports,"Eclipse, Kid's Shoes",300,6474.65,13007.3,1942395
2001,2001Q1,Children,Children Sports,"Lucky Guy, Kids",241,5439.6,9935.9,1310943.6
2001,2001Q1,Children,Children Sports,"N.D. Gear, Kids",701,18008.5,32189.9,12623958.5
2001,2001Q1,Children,Children Sports,"Olssons, Kids",206,1897.7,3211.8,390926.2
2001,2001Q1,Children,Children Sports,Orion Kid's Clothes,10,209.8,422.3,2098
2001,2001Q1,Children,Children Sports,"Osprey, Kids",405,6618.1,11926.4,2680330.5
2001,2001Q1,Children,Children Sports,Tracker Kid's Clothes,1010,18806.5,34478.1,18994565
2001,2001Q1,Children,Children Sports,"Ypsilon, Kids",102,2320.6,4111.1,236701.2
2001,2001Q1,Clothes & Shoes,Clothes,Eclipse Clothing,2846,82145.35,164617.4,233785666.1
2001,2001Q1,Clothes & Shoes,Clothes,Green Tomato,150,4370.5,7284,655575
2001,2001Q1,Clothes & Shoes,Clothes,Knitwear,1512,75969.48,133091.48,114865853.8
2001,2001Q1,Clothes & Shoes,Clothes,LSF,289,14907.05,28710.5,4308137.45
2001,2001Q1,Clothes & Shoes,Clothes,Leisure,344,15862.25,28693.9,5456614
2001,2001Q1,Clothes & Shoes,Clothes,Massif,41,6418.15,12249.6,263144.15
2001,2001Q1,Clothes & Shoes,Clothes,Orion,779,38263.8,72821.1,29807500.2
2001,2001Q1,Clothes & Shoes,Clothes,Orion Clothing,456,13140.95,25130.1,5992273.2
2001,2001Q1,Clothes & Shoes,Clothes,Osprey,271,9126.2,15387.9,2473200.2
2001,2001Q1,Clothes & Shoes,Clothes,Shorts,146,2189.65,3907.1,319688.9
2001,2001Q1,Clothes & Shoes,Clothes,Stockings & Socks,263,2479.15,4167.3,652016.45
2001,2001Q1,Clothes & Shoes,Clothes,Street Wear,436,18403.35,31806.5,8023860.6
2001,2001Q1,Clothes & Shoes,Clothes,T-Shirts,336,5588.6,10003.8,1877769.6
2001,2001Q1,Clothes & Shoes,Clothes,Tracker Clothes,2515,68410.05,125967.7,172051275.8
2001,2001Q1,Clothes & Shoes,Clothes,Twain,77,10627.775,20789.475,818338.675
2001,2001Q1,Clothes & Shoes,Shoes,Eclipse Shoes,3908,194683.2,391706.1,760821945.6
2001,2001Q1,Clothes & Shoes,Shoes,Shoes,1759,93756.55,174353.1,164917771.5
2001,2001Q1,Clothes & Shoes,Shoes,Tracker Shoes,2116,90265.95,166033.7,191002750.2
2001,2001Q1,Outdoors,Outdoors,Anoraks & Parkas,3311,275094.61,491234.16,910838253.7
2001,2001Q1,Outdoors,Outdoors,Backpacks,645,45798.4,86314.9,29539968
2001,2001Q1,Outdoors,Outdoors,Gloves & Mittens,311,8110,13997.1,2522210
2001,2001Q1,Outdoors,Outdoors,Knitted Accessories,527,6231.54,10812.74,3284021.58
2001,2001Q1,Outdoors,Outdoors,Outdoor Gear,1991,87643.6,155197.8,174498407.6
2001,2001Q1,Outdoors,Outdoors,Sleepingbags,1662,76454.2,150511.9,127066880.4
2001,2001Q1,Outdoors,Outdoors,Tents,709,130191.3,261784.5,92305631.7
2001,2001Q1,Sports,Assorted Sports Articles,Assorted Sports articles,4201,145961.3,264645.6,613183421.3
2001,2001Q1,Sports,Assorted Sports Articles,Darts,1216,23381.25,39838.9,28431600
2001,2001Q1,Sports,Assorted Sports Articles,Petanque - Boule,410,9905.45,17831.6,4061234.5
2001,2001Q1,Sports,Assorted Sports Articles,Skates,1961,189205.95,390192.6,371032868
2001,2001Q1,Sports,Golf,Golf,1529,78176.2,160181,119531409.8
2001,2001Q1,Sports,Golf,Golf Clothes,527,42292.7,58726.7,22288252.9
2001,2001Q1,Sports,Indoor Sports,Fitness,558,42007.84,85025.04,23440374.72
2001,2001Q1,Sports,Indoor Sports,Gymnastic Clothing,287,7693.91,13695.16,2208152.17
2001,2001Q1,Sports,Indoor Sports,Top Trim,277,27318.5,48827.2,7567224.5
2001,2001Q1,Sports,Racket Sports,Badminton,127,12913.55,17447.9,1640020.85
2001,2001Q1,Sports,Racket Sports,Racket Sports,578,46883.2,80469.9,27098489.6
2001,2001Q1,Sports,Racket Sports,Tennis,521,14140.25,24242.9,7367070.25
2001,2001Q1,Sports,Running - Jogging,Jogging,1440,51709.15,90240.4,74461176
2001,2001Q1,Sports,Running - Jogging,Running Clothes,2148,52945.3,95349.9,113726504.4
2001,2001Q1,Sports,Swim Sports,Bathing Suits,1127,23239.85,39737.7,26191310.95
2001,2001Q1,Sports,Team Sports,American Football,356,4934.81,8803.83,1756792.36
2001,2001Q1,Sports,Team Sports,Baseball,333,3137.45,5703.7,1044770.85
2001,2001Q1,Sports,Team Sports,Basket Ball,168,2178.48,3439.83,365984.64
2001,2001Q1,Sports,Team Sports,Soccer,1216,22471.3,43125.1,27325100.8
2001,2001Q1,Sports,Winter Sports,Ski Dress,1517,208741.68,373279.23,316661128.6
2001,2001Q1,Sports,Winter Sports,Winter Sports,2722,149392.165,266562.465,406645473.1
2001,2001Q2,Children,Children Sports,"A-Team, Kids",486,7939.45,14354.7,3858572.7
2001,2001Q2,Children,Children Sports,"Bathing Suits, Kids",162,2930.33,5052.48,474713.46
2001,2001Q2,Children,Children Sports,"Eclipse, Kid's Clothes",1088,17082.14,34257.79,18585368.32
2001,2001Q2,Children,Children Sports,"Eclipse, Kid's Shoes",629,13569.09,27466.34,8534957.61
2001,2001Q2,Children,Children Sports,"Lucky Guy, Kids",553,12789.5,23294.4,7072593.5
2001,2001Q2,Children,Children Sports,"N.D. Gear, Kids",1476,39146.35,70045.5,57780012.6
2001,2001Q2,Children,Children Sports,"Olssons, Kids",491,4804.7,8059.2,2359107.7
2001,2001Q2,Children,Children Sports,Orion Kid's Clothes,25,464.2,934.7,11605
2001,2001Q2,Children,Children Sports,"Osprey, Kids",838,12854.47,23423.07,10772045.86
2001,2001Q2,Children,Children Sports,Tracker Kid's Clothes,2306,43081.39,79298.79,99345685.34
2001,2001Q2,Children,Children Sports,"Ypsilon, Kids",257,5643.7,9999.7,1450430.9
2001,2001Q2,Clothes & Shoes,Clothes,Eclipse Clothing,5626,159617.77,320641.67,898009574
2001,2001Q2,Clothes & Shoes,Clothes,Green Tomato,346,9755.35,16263.2,3375351.1
2001,2001Q2,Clothes & Shoes,Clothes,Knitwear,892,47087.05,82131.2,42001648.6
2001,2001Q2,Clothes & Shoes,Clothes,LSF,646,33198.65,63659.6,21446327.9
2001,2001Q2,Clothes & Shoes,Clothes,Leisure,665,31427.3,56815.6,20899154.5
2001,2001Q2,Clothes & Shoes,Clothes,Massif,61,9652.7,18422.7,588814.7
2001,2001Q2,Clothes & Shoes,Clothes,Orion,1449,70666.08,135304.68,102395149.9
2001,2001Q2,Clothes & Shoes,Clothes,Orion Clothing,859,25353.39,48834.34,21778562.01
2001,2001Q2,Clothes & Shoes,Clothes,Osprey,541,18267.35,31005.5,9882636.35
2001,2001Q2,Clothes & Shoes,Clothes,Shorts,262,3774.65,6761.1,988958.3
2001,2001Q2,Clothes & Shoes,Clothes,Stockings & Socks,428,3857.25,6501.2,1650903
2001,2001Q2,Clothes & Shoes,Clothes,Street Wear,943,40528.62,70215.37,38218488.66
2001,2001Q2,Clothes & Shoes,Clothes,T-Shirts,623,9782.6,18033.4,6094559.8
2001,2001Q2,Clothes & Shoes,Clothes,Tracker Clothes,5107,137756.39,253540.29,703521883.7
2001,2001Q2,Clothes & Shoes,Clothes,Twain,148,20921.875,40876.075,3096437.5
2001,2001Q2,Clothes & Shoes,Shoes,Eclipse Shoes,6092,298666.36,604671.56,1819475465
2001,2001Q2,Clothes & Shoes,Shoes,Shoes,2742,147483.95,274083.55,404400990.9
2001,2001Q2,Clothes & Shoes,Shoes,Tracker Shoes,3246,135879.66,250277.51,441065376.4
2001,2001Q2,Outdoors,Outdoors,Anoraks & Parkas,2243,182233.01,326998.16,408748641.4
2001,2001Q2,Outdoors,Outdoors,Backpacks,1708,115082.48,219388.78,196560875.8
2001,2001Q2,Outdoors,Outdoors,Gloves & Mittens,277,6956.45,12100,1926936.65
2001,2001Q2,Outdoors,Outdoors,Knitted Accessories,185,2184.1,3688.8,404058.5
2001,2001Q2,Outdoors,Outdoors,Outdoor Gear,5049,218366.04,388661.34,1102530136
2001,2001Q2,Outdoors,Outdoors,Sleepingbags,4202,189792.1,374115.2,797506404.2
2001,2001Q2,Outdoors,Outdoors,Tents,1797,329385.75,666669.4,591906192.7
2001,2001Q2,Sports,Assorted Sports Articles,Assorted Sports articles,6939,245135.835,444330.685,1700997559
2001,2001Q2,Sports,Assorted Sports Articles,Darts,1171,21818,37191.5,25548878
2001,2001Q2,Sports,Assorted Sports Articles,Petanque - Boule,1136,27900.7,50446.8,31695195.2
2001,2001Q2,Sports,Assorted Sports Articles,Skates,4947,451698.6,962485.5,2234552974
2001,2001Q2,Sports,Golf,Golf,3349,177456.68,371941.48,594302421.3
2001,2001Q2,Sports,Golf,Golf Clothes,1169,95503.64,132370.64,111643755.2
2001,2001Q2,Sports,Indoor Sports,Fitness,254,20532.8,41208.7,5215331.2
2001,2001Q2,Sports,Indoor Sports,Gymnastic Clothing,170,4567.95,8087.5,776551.5
2001,2001Q2,Sports,Indoor Sports,Top Trim,156,17004.6,30613.2,2652717.6
2001,2001Q2,Sports,Racket Sports,Badminton,76,11589.95,15037.5,880836.2
2001,2001Q2,Sports,Racket Sports,Racket Sports,945,83978.6,142454.1,79359777
2001,2001Q2,Sports,Racket Sports,Tennis,1433,38117.93,66206.78,54622993.69
2001,2001Q2,Sports,Running - Jogging,Jogging,2370,82542.53,144683.78,195625796.1
2001,2001Q2,Sports,Running - Jogging,Running Clothes,3258,80306.81,145057.96,261639587
2001,2001Q2,Sports,Swim Sports,Bathing Suits,3277,65354.08,113688.73,214165320.2
2001,2001Q2,Sports,Team Sports,American Football,917,12336.45,22128.54,11312524.65
2001,2001Q2,Sports,Team Sports,Baseball,806,8145.99,14413.29,6565667.94
2001,2001Q2,Sports,Team Sports,Basket Ball,109,1349.7,2177.35,147117.3
2001,2001Q2,Sports,Team Sports,Soccer,3527,64959.9,127046.75,229113567.3
2001,2001Q2,Sports,Winter Sports,Ski Dress,496,72229.9,126979,35826030.4
2001,2001Q2,Sports,Winter Sports,Winter Sports,962,54820.85,97514.1,52737657.7
2001,2001Q3,Children,Children Sports,"A-Team, Kids",563,8819.14,16399.59,4965175.82
2001,2001Q3,Children,Children Sports,"Bathing Suits, Kids",199,3588.15,6162.4,714041.85
2001,2001Q3,Children,Children Sports,"Eclipse, Kid's Clothes",1187,19504.86,39217.86,23152268.82
2001,2001Q3,Children,Children Sports,"Eclipse, Kid's Shoes",740,15608.21,31499.11,11550075.4
2001,2001Q3,Children,Children Sports,"Lucky Guy, Kids",540,12749.15,23165.9,6884541
2001,2001Q3,Children,Children Sports,"N.D. Gear, Kids",1515,39982.28,72023.48,60573154.2
2001,2001Q3,Children,Children Sports,"Olssons, Kids",499,4403.55,7392.3,2197371.45
2001,2001Q3,Children,Children Sports,Orion Kid's Clothes,15,281.2,566.2,4218
2001,2001Q3,Children,Children Sports,"Osprey, Kids",912,14212.64,25676.89,12961927.68
2001,2001Q3,Children,Children Sports,Tracker Kid's Clothes,2356,41366.2,76705.7,97458767.2
2001,2001Q3,Children,Children Sports,"Ypsilon, Kids",233,5321.05,9430.8,1239804.65
2001,2001Q3,Clothes & Shoes,Clothes,Eclipse Clothing,6104,170386.35,344639.15,1040038280
2001,2001Q3,Clothes & Shoes,Clothes,Green Tomato,383,10026.53,17038.78,3840160.99
2001,2001Q3,Clothes & Shoes,Clothes,Knitwear,633,31543.8,55058.6,19967225.4
2001,2001Q3,Clothes & Shoes,Clothes,LSF,692,36469.2,70266.2,25236686.4
2001,2001Q3,Clothes & Shoes,Clothes,Leisure,668,30308.42,54974.32,20246024.56
2001,2001Q3,Clothes & Shoes,Clothes,Massif,64,9938.8,18968.8,636083.2
2001,2001Q3,Clothes & Shoes,Clothes,Orion,1638,79430.44,151846.24,130107060.7
2001,2001Q3,Clothes & Shoes,Clothes,Orion Clothing,916,25416.09,48722.24,23281138.44
2001,2001Q3,Clothes & Shoes,Clothes,Osprey,566,19266.35,33014,10904754.1
2001,2001Q3,Clothes & Shoes,Clothes,Shorts,264,3663.61,6665.66,967193.04
2001,2001Q3,Clothes & Shoes,Clothes,Stockings & Socks,482,4404.71,7522.11,2123070.22
2001,2001Q3,Clothes & Shoes,Clothes,Street Wear,836,34577.99,59540.19,28907199.64
2001,2001Q3,Clothes & Shoes,Clothes,T-Shirts,756,12605.2,22559.5,9529531.2
2001,2001Q3,Clothes & Shoes,Clothes,Tracker Clothes,5280,141060.67,262214.32,744800337.6
2001,2001Q3,Clothes & Shoes,Clothes,Twain,138,19323.4,37225.4,2666629.2
2001,2001Q3,Clothes & Shoes,Shoes,Eclipse Shoes,6371,317581.22,642071.32,2023309953
2001,2001Q3,Clothes & Shoes,Shoes,Shoes,2791,148702.45,277404.95,415028537.9
2001,2001Q3,Clothes & Shoes,Shoes,Tracker Shoes,3377,136565.61,254908.61,461182065
2001,2001Q3,Outdoors,Outdoors,Anoraks & Parkas,1285,103087.75,183940.1,132467758.8
2001,2001Q3,Outdoors,Outdoors,Backpacks,1459,100603.08,189967.18,146779893.7
2001,2001Q3,Outdoors,Outdoors,Gloves & Mittens,290,6981.2,12124,2024548
2001,2001Q3,Outdoors,Outdoors,Knitted Accessories,186,2263.35,3856.8,420983.1
2001,2001Q3,Outdoors,Outdoors,Outdoor Gear,4251,190108.24,335993.39,808150128.2
2001,2001Q3,Outdoors,Outdoors,Sleepingbags,3587,168217.7,331280.2,603396889.9
2001,2001Q3,Outdoors,Outdoors,Tents,1673,302428.45,610699,505962796.9
2001,2001Q3,Sports,Assorted Sports Articles,Assorted Sports articles,7179,251979.49,457851.24,1808960759
2001,2001Q3,Sports,Assorted Sports Articles,Darts,991,18822.3,32075.3,18652899.3
2001,2001Q3,Sports,Assorted Sports Articles,Petanque - Boule,872,21219.65,38342.1,18503534.8
2001,2001Q3,Sports,Assorted Sports Articles,Skates,4413,417161.03,873089.38,1840931625
2001,2001Q3,Sports,Golf,Golf,3229,162799.81,337194.51,525680586.5
2001,2001Q3,Sports,Golf,Golf Clothes,1074,83380.96,117781.31,89551151.04
2001,2001Q3,Sports,Indoor Sports,Fitness,396,32046.8,64144.8,12690532.8
2001,2001Q3,Sports,Indoor Sports,Gymnastic Clothing,287,7050.6,12423.1,2023522.2
2001,2001Q3,Sports,Indoor Sports,Top Trim,272,29156.1,52245.2,7930459.2
2001,2001Q3,Sports,Racket Sports,Badminton,131,11725.4,16688.3,1536027.4
2001,2001Q3,Sports,Racket Sports,Racket Sports,1077,91649.3,157367.1,98706296.1
2001,2001Q3,Sports,Racket Sports,Tennis,959,23983.42,41269.02,23000099.78
2001,2001Q3,Sports,Running - Jogging,Jogging,2251,79491.7,139247.2,178935816.7
2001,2001Q3,Sports,Running - Jogging,Running Clothes,3494,86106.33,158167.63,300855517
2001,2001Q3,Sports,Swim Sports,Bathing Suits,2705,54835.05,94721.7,148328810.3
2001,2001Q3,Sports,Team Sports,American Football,845,10287.7,19477.41,8693106.5
2001,2001Q3,Sports,Team Sports,Baseball,754,6963.36,12829.31,5250373.44
2001,2001Q3,Sports,Team Sports,Basket Ball,193,2377.62,3844.87,458880.66
2001,2001Q3,Sports,Team Sports,Soccer,2316,41941.17,80890.77,97135749.72
2001,2001Q3,Sports,Winter Sports,Ski Dress,530,74678.25,131573.7,39579472.5
2001,2001Q3,Sports,Winter Sports,Winter Sports,953,53210.3,94691.7,50709415.9
2001,2001Q4,Children,Children Sports,"A-Team, Kids",449,7524.94,13664.84,3378698.06
2001,2001Q4,Children,Children Sports,"Bathing Suits, Kids",91,1629.55,2795,148289.05
2001,2001Q4,Children,Children Sports,"Eclipse, Kid's Clothes",848,13837.19,27845.64,11733937.12
2001,2001Q4,Children,Children Sports,"Eclipse, Kid's Shoes",595,12189.9,24826.2,7252990.5
2001,2001Q4,Children,Children Sports,"Lucky Guy, Kids",551,11769.05,21556.8,6484746.55
2001,2001Q4,Children,Children Sports,"N.D. Gear, Kids",1327,35398.02,63285.32,46973172.54
2001,2001Q4,Children,Children Sports,"Olssons, Kids",371,3393.75,5737.9,1259081.25
2001,2001Q4,Children,Children Sports,Orion Kid's Clothes,36,859.8,1730.1,30952.8
2001,2001Q4,Children,Children Sports,"Osprey, Kids",766,11734.33,21287.98,8988496.78
2001,2001Q4,Children,Children Sports,Tracker Kid's Clothes,2010,35462.48,65294.58,71279584.8
2001,2001Q4,Children,Children Sports,"Ypsilon, Kids",240,5435.6,9627.6,1304544
2001,2001Q4,Clothes & Shoes,Clothes,Eclipse Clothing,5109,143526.2,288906.2,733275355.8
2001,2001Q4,Clothes & Shoes,Clothes,Green Tomato,301,8387.05,14447,2524502.05
2001,2001Q4,Clothes & Shoes,Clothes,Knitwear,1081,57290.4,100126.9,61930922.4
2001,2001Q4,Clothes & Shoes,Clothes,LSF,601,29511.63,57776.28,17736489.63
2001,2001Q4,Clothes & Shoes,Clothes,Leisure,555,25857.3,46757.8,14350801.5
2001,2001Q4,Clothes & Shoes,Clothes,Massif,67,10407.95,19864.2,697332.65
2001,2001Q4,Clothes & Shoes,Clothes,Orion,1252,61809.59,119149.44,77385606.68
2001,2001Q4,Clothes & Shoes,Clothes,Orion Clothing,766,20855.81,40038.46,15975550.46
2001,2001Q4,Clothes & Shoes,Clothes,Osprey,494,16170.54,27530.24,7988246.76
2001,2001Q4,Clothes & Shoes,Clothes,Shorts,133,2120.85,3773.4,282073.05
2001,2001Q4,Clothes & Shoes,Clothes,Stockings & Socks,526,4849.4,8220.5,2550784.4
2001,2001Q4,Clothes & Shoes,Clothes,Street Wear,709,27466.3,47478.4,19473606.7
2001,2001Q4,Clothes & Shoes,Clothes,T-Shirts,333,5294.55,9501.2,1763085.15
2001,2001Q4,Clothes & Shoes,Clothes,Tracker Clothes,4409,118537.36,220603.16,522631220.2
2001,2001Q4,Clothes & Shoes,Clothes,Twain,105,14314.825,28059.075,1503056.625
2001,2001Q4,Clothes & Shoes,Shoes,Eclipse Shoes,4350,213616.02,430365.52,929229687
2001,2001Q4,Clothes & Shoes,Shoes,Shoes,2076,109573.32,204982.02,227474212.3
2001,2001Q4,Clothes & Shoes,Shoes,Tracker Shoes,2519,107357.87,197815.82,270434474.5
2001,2001Q4,Outdoors,Outdoors,Anoraks & Parkas,2705,213020.11,384412.26,576219397.6
2001,2001Q4,Outdoors,Outdoors,Backpacks,1152,83514.25,157175.9,96208416
2001,2001Q4,Outdoors,Outdoors,Gloves & Mittens,616,15519.95,26825.1,9560289.2
2001,2001Q4,Outdoors,Outdoors,Knitted Accessories,437,5154.15,8839.8,2252363.55
2001,2001Q4,Outdoors,Outdoors,Outdoor Gear,2240,96273.75,170270.3,215653200
2001,2001Q4,Outdoors,Outdoors,Sleepingbags,2130,97837.9,192715.9,208394727
2001,2001Q4,Outdoors,Outdoors,Tents,903,164364.95,334582.5,148421549.9
2001,2001Q4,Sports,Assorted Sports Articles,Assorted Sports articles,6295,223198.065,405814.765,1405031819
2001,2001Q4,Sports,Assorted Sports Articles,Darts,2281,43525.9,74213.9,99282577.9
2001,2001Q4,Sports,Assorted Sports Articles,Petanque - Boule,476,11585.7,20909.7,5514793.2
2001,2001Q4,Sports,Assorted Sports Articles,Skates,2294,216547.15,450623.6,496759162.1
2001,2001Q4,Sports,Golf,Golf,2384,131487.17,270341.17,313465413.3
2001,2001Q4,Sports,Golf,Golf Clothes,780,64740.34,88638.69,50497465.2
2001,2001Q4,Sports,Indoor Sports,Fitness,619,59906.43,120162.18,37082080.17
2001,2001Q4,Sports,Indoor Sports,Gymnastic Clothing,349,9343.93,16622.58,3261031.57
2001,2001Q4,Sports,Indoor Sports,Top Trim,298,30573.29,56340.64,9110840.42
2001,2001Q4,Sports,Racket Sports,Badminton,201,27969.9,36130.6,5621949.9
2001,2001Q4,Sports,Racket Sports,Racket Sports,1148,103294.1,174245.8,118581626.8
2001,2001Q4,Sports,Racket Sports,Tennis,926,24122.98,41829.23,22337879.48
2001,2001Q4,Sports,Running - Jogging,Jogging,1577,54408.74,96420.99,85802582.98
2001,2001Q4,Sports,Running - Jogging,Running Clothes,2432,57557.39,104704.79,139979572.5
2001,2001Q4,Sports,Swim Sports,Bathing Suits,1332,28450.1,48542,37895533.2
2001,2001Q4,Sports,Team Sports,American Football,710,9141.93,16828.57,6490770.3
2001,2001Q4,Sports,Team Sports,Baseball,596,6059.44,10620.94,3611426.24
2001,2001Q4,Sports,Team Sports,Basket Ball,222,2863.48,4532.48,635692.56
2001,2001Q4,Sports,Team Sports,Soccer,2189,40565.15,78920.05,88797113.35
2001,2001Q4,Sports,Winter Sports,Ski Dress,1293,187396.14,329550.84,242303209
2001,2001Q4,Sports,Winter Sports,Winter Sports,2638,144591.3,261052.45,381431849.4
2002,2002Q1,Children,Children Sports,"A-Team, Kids",219,3799.3,6866.7,832046.7
2002,2002Q1,Children,Children Sports,"Bathing Suits, Kids",92,1617.7,2801.6,148828.4
2002,2002Q1,Children,Children Sports,"Eclipse, Kid's Clothes",538,9039.05,18118.9,4863008.9
2002,2002Q1,Children,Children Sports,"Eclipse, Kid's Shoes",336,7298.25,14661.5,2452212
2002,2002Q1,Children,Children Sports,"Lucky Guy, Kids",280,6247.85,11416.2,1749398
2002,2002Q1,Children,Children Sports,"N.D. Gear, Kids",720,19528.55,34897.5,14060556
2002,2002Q1,Children,Children Sports,"Olssons, Kids",218,1952.8,3269.7,425710.4
2002,2002Q1,Children,Children Sports,Orion Kid's Clothes,14,256.2,515.9,3586.8
2002,2002Q1,Children,Children Sports,"Osprey, Kids",465,7370.75,13340.7,3427398.75
2002,2002Q1,Children,Children Sports,Tracker Kid's Clothes,1184,21553.55,39517.5,25519403.2
2002,2002Q1,Children,Children Sports,"Ypsilon, Kids",117,2475.5,4386.6,289633.5
2002,2002Q1,Clothes & Shoes,Clothes,Eclipse Clothing,2740,77701.95,155700.2,212903343
2002,2002Q1,Clothes & Shoes,Clothes,Green Tomato,168,4826.3,8045.5,810818.4
2002,2002Q1,Clothes & Shoes,Clothes,Knitwear,1399,74232.53,129822.98,103851309.5
2002,2002Q1,Clothes & Shoes,Clothes,LSF,325,17010.2,32791.6,5528315
2002,2002Q1,Clothes & Shoes,Clothes,Leisure,318,14147.3,25626.3,4498841.4
2002,2002Q1,Clothes & Shoes,Clothes,Massif,32,5100.15,9733.9,163204.8
2002,2002Q1,Clothes & Shoes,Clothes,Orion,664,33389.05,63403.4,22170329.2
2002,2002Q1,Clothes & Shoes,Clothes,Orion Clothing,442,13076.2,25009.5,5779680.4
2002,2002Q1,Clothes & Shoes,Clothes,Osprey,241,7794.8,13140.9,1878546.8
2002,2002Q1,Clothes & Shoes,Clothes,Shorts,119,1665.75,2986.1,198224.25
2002,2002Q1,Clothes & Shoes,Clothes,Stockings & Socks,232,2174.5,3692.4,504484
2002,2002Q1,Clothes & Shoes,Clothes,Street Wear,421,17592.9,30401.4,7406610.9
2002,2002Q1,Clothes & Shoes,Clothes,T-Shirts,388,6514.8,11676.9,2527742.4
2002,2002Q1,Clothes & Shoes,Clothes,Tracker Clothes,2520,68550,126096.5,172746000
2002,2002Q1,Clothes & Shoes,Clothes,Twain,67,9320.325,18284.725,624461.775
2002,2002Q1,Clothes & Shoes,Shoes,Eclipse Shoes,4202,206316.9,415397.9,866943613.8
2002,2002Q1,Clothes & Shoes,Shoes,Shoes,1970,106128.05,196485.8,209072258.5
2002,2002Q1,Clothes & Shoes,Shoes,Tracker Shoes,2392,99121.1,182536.9,237097671.2
2002,2002Q1,Outdoors,Outdoors,Anoraks & Parkas,3465,281997.69,503776.44,977121995.8
2002,2002Q1,Outdoors,Outdoors,Backpacks,655,43665.75,82472.4,28601066.25
2002,2002Q1,Outdoors,Outdoors,Gloves & Mittens,317,7515.8,13057.5,2382508.6
2002,2002Q1,Outdoors,Outdoors,Knitted Accessories,422,5040.01,8672.56,2126884.22
2002,2002Q1,Outdoors,Outdoors,Outdoor Gear,2081,92439.4,163232.9,192366391.4
2002,2002Q1,Outdoors,Outdoors,Sleepingbags,1759,81254.3,159951.1,142926313.7
2002,2002Q1,Outdoors,Outdoors,Tents,818,151894.4,305813.9,124249619.2
2002,2002Q1,Sports,Assorted Sports Articles,Assorted Sports articles,4012,138444.65,250449.35,555439935.8
2002,2002Q1,Sports,Assorted Sports Articles,Darts,1226,23131.2,39433.4,28358851.2
2002,2002Q1,Sports,Assorted Sports Articles,Petanque - Boule,411,10018.05,18090.4,4117418.55
2002,2002Q1,Sports,Assorted Sports Articles,Skates,1942,185717.9,384703.7,360664161.8
2002,2002Q1,Sports,Golf,Golf,1654,91135.4,186606.4,150737951.6
2002,2002Q1,Sports,Golf,Golf Clothes,540,41645.9,58741.2,22488786
2002,2002Q1,Sports,Indoor Sports,Fitness,514,51669.1,102889.7,26557917.4
2002,2002Q1,Sports,Indoor Sports,Gymnastic Clothing,340,9255.73,16431.18,3146948.2
2002,2002Q1,Sports,Indoor Sports,Top Trim,335,36919,66209.3,12367865
2002,2002Q1,Sports,Racket Sports,Badminton,125,13589.9,18493.3,1698737.5
2002,2002Q1,Sports,Racket Sports,Racket Sports,536,42952.2,74189.5,23022379.2
2002,2002Q1,Sports,Racket Sports,Tennis,507,13208.95,22737.5,6696937.65
2002,2002Q1,Sports,Running - Jogging,Jogging,1524,54407.95,95039.5,82917715.8
2002,2002Q1,Sports,Running - Jogging,Running Clothes,2335,60493.1,108786.3,141251388.5
2002,2002Q1,Sports,Swim Sports,Bathing Suits,1194,25312.8,43163.8,30223483.2
2002,2002Q1,Sports,Team Sports,American Football,364,5049.72,8958.28,1838098.08
2002,2002Q1,Sports,Team Sports,Baseball,336,3053.6,5534,1026009.6
2002,2002Q1,Sports,Team Sports,Basket Ball,173,2094.5,3415.05,362348.5
2002,2002Q1,Sports,Team Sports,Soccer,1288,24050.75,46040.2,30977366
2002,2002Q1,Sports,Winter Sports,Ski Dress,1526,209548.91,372969.06,319771636.7
2002,2002Q1,Sports,Winter Sports,Winter Sports,2778,149387.885,265869.435,414999544.5
2002,2002Q2,Children,Children Sports,"A-Team, Kids",662,10525.7,19016.1,6968013.4
2002,2002Q2,Children,Children Sports,"Bathing Suits, Kids",271,4590.06,7932.61,1243906.26
2002,2002Q2,Children,Children Sports,"Eclipse, Kid's Clothes",1229,20736.21,41601.16,25484802.09
2002,2002Q2,Children,Children Sports,"Eclipse, Kid's Shoes",805,16897.21,34121.16,13602254.05
2002,2002Q2,Children,Children Sports,"Lucky Guy, Kids",599,14919.05,26997.2,8936510.95
2002,2002Q2,Children,Children Sports,"N.D. Gear, Kids",1823,47881.38,85753.43,87287755.74
2002,2002Q2,Children,Children Sports,"Olssons, Kids",530,4854.95,8136.7,2573123.5
2002,2002Q2,Children,Children Sports,Orion Kid's Clothes,39,774,1558.2,30186
2002,2002Q2,Children,Children Sports,"Osprey, Kids",1010,16364.46,29534.06,16528104.6
2002,2002Q2,Children,Children Sports,Tracker Kid's Clothes,2895,52430.61,96240.01,151786616
2002,2002Q2,Children,Children Sports,"Ypsilon, Kids",292,6469.35,11463.9,1889050.2
2002,2002Q2,Clothes & Shoes,Clothes,Eclipse Clothing,5866,168167.72,337558.92,986471845.5
2002,2002Q2,Clothes & Shoes,Clothes,Green Tomato,338,10033.4,16721.8,3391289.2
2002,2002Q2,Clothes & Shoes,Clothes,Knitwear,947,48550.15,84475.8,45976992.05
2002,2002Q2,Clothes & Shoes,Clothes,LSF,624,32034.8,61617.5,19989715.2
2002,2002Q2,Clothes & Shoes,Clothes,Leisure,571,24609.35,44626.5,14051938.85
2002,2002Q2,Clothes & Shoes,Clothes,Massif,81,12797.8,24425.3,1036621.8
2002,2002Q2,Clothes & Shoes,Clothes,Orion,1498,75422.69,144679.44,112983189.6
2002,2002Q2,Clothes & Shoes,Clothes,Orion Clothing,904,25612.6,49193,23153790.4
2002,2002Q2,Clothes & Shoes,Clothes,Osprey,522,17857.45,30168.1,9321588.9
2002,2002Q2,Clothes & Shoes,Clothes,Shorts,233,3424.9,6123.9,798001.7
2002,2002Q2,Clothes & Shoes,Clothes,Stockings & Socks,454,4237.65,7166.6,1923893.1
2002,2002Q2,Clothes & Shoes,Clothes,Street Wear,834,33827.06,58841.86,28211768.04
2002,2002Q2,Clothes & Shoes,Clothes,T-Shirts,655,9840.44,18140.09,6445488.2
2002,2002Q2,Clothes & Shoes,Clothes,Tracker Clothes,5116,141852.22,261717.82,725715957.5
2002,2002Q2,Clothes & Shoes,Clothes,Twain,113,16144.5,31879.6,1824328.5
2002,2002Q2,Clothes & Shoes,Shoes,Eclipse Shoes,7060,347787.39,702804.59,2455378973
2002,2002Q2,Clothes & Shoes,Shoes,Shoes,3175,172755.36,321354.26,548498268
2002,2002Q2,Clothes & Shoes,Shoes,Tracker Shoes,3917,162324.26,299897.21,635824126.4
2002,2002Q2,Outdoors,Outdoors,Anoraks & Parkas,2518,198058.32,355448.97,498710849.8
2002,2002Q2,Outdoors,Outdoors,Backpacks,1771,118116.27,226147.42,209183914.2
2002,2002Q2,Outdoors,Outdoors,Gloves & Mittens,309,7601.1,13032.4,2348739.9
2002,2002Q2,Outdoors,Outdoors,Knitted Accessories,207,2458.3,4169.2,508868.1
2002,2002Q2,Outdoors,Outdoors,Outdoor Gear,5291,228632.38,406024.88,1209693923
2002,2002Q2,Outdoors,Outdoors,Sleepingbags,4503,207331.1,408382.2,933611943.3
2002,2002Q2,Outdoors,Outdoors,Tents,1967,367242.2,737287.5,722365407.4
2002,2002Q2,Sports,Assorted Sports Articles,Assorted Sports articles,7591,275401.335,499683.685,2090571534
2002,2002Q2,Sports,Assorted Sports Articles,Darts,1161,21719.5,37003.3,25216339.5
2002,2002Q2,Sports,Assorted Sports Articles,Petanque - Boule,1301,31578.1,57075,41083108.1
2002,2002Q2,Sports,Assorted Sports Articles,Skates,5130,472707.62,996883.02,2424990091
2002,2002Q2,Sports,Golf,Golf,3877,206982.12,431492.72,802469679.2
2002,2002Q2,Sports,Golf,Golf Clothes,1314,102988.06,144363.86,135326310.8
2002,2002Q2,Sports,Indoor Sports,Fitness,342,33548.25,67608.7,11473501.5
2002,2002Q2,Sports,Indoor Sports,Gymnastic Clothing,223,5821.2,10262.7,1298127.6
2002,2002Q2,Sports,Indoor Sports,Top Trim,187,20542.55,36881.7,3841456.85
2002,2002Q2,Sports,Racket Sports,Badminton,88,13079.85,16947.4,1151026.8
2002,2002Q2,Sports,Racket Sports,Racket Sports,977,78666.1,134981.1,76856779.7
2002,2002Q2,Sports,Racket Sports,Tennis,1565,41115.76,71241.11,64346164.4
2002,2002Q2,Sports,Running - Jogging,Jogging,2406,87511.98,152897.88,210553823.9
2002,2002Q2,Sports,Running - Jogging,Running Clothes,3856,92467.75,167118.65,356555644
2002,2002Q2,Sports,Swim Sports,Bathing Suits,3704,74303.54,127853.59,275220312.2
2002,2002Q2,Sports,Team Sports,American Football,1115,15111.25,27149.26,16849043.75
2002,2002Q2,Sports,Team Sports,Baseball,1008,10035.61,17746.61,10115894.88
2002,2002Q2,Sports,Team Sports,Basket Ball,136,1683.44,2716.19,228947.84
2002,2002Q2,Sports,Team Sports,Soccer,3285,57621.61,112509.11,189286988.9
2002,2002Q2,Sports,Winter Sports,Ski Dress,516,74294.5,130470.9,38335962
2002,2002Q2,Sports,Winter Sports,Winter Sports,1044,57669.5,102459.4,60206958
2002,2002Q3,Children,Children Sports,"A-Team, Kids",656,10379.02,19201.17,6808637.12
2002,2002Q3,Children,Children Sports,"Bathing Suits, Kids",254,4179.1,7203.6,1061491.4
2002,2002Q3,Children,Children Sports,"Eclipse, Kid's Clothes",1474,23070.57,46540.32,34006020.18
2002,2002Q3,Children,Children Sports,"Eclipse, Kid's Shoes",921,19333.77,38968.42,17806402.17
2002,2002Q3,Children,Children Sports,"Lucky Guy, Kids",709,17706.1,31897.8,12553624.9
2002,2002Q3,Children,Children Sports,"N.D. Gear, Kids",2165,58258.01,104920.01,126128591.7
2002,2002Q3,Children,Children Sports,"Olssons, Kids",552,5173.3,8652.8,2855661.6
2002,2002Q3,Children,Children Sports,Orion Kid's Clothes,35,714.2,1437.7,24997
2002,2002Q3,Children,Children Sports,"Osprey, Kids",1167,19038.52,34494.32,22217952.84
2002,2002Q3,Children,Children Sports,Tracker Kid's Clothes,3161,56038.48,103788.88,177137635.3
2002,2002Q3,Children,Children Sports,"Ypsilon, Kids",348,7665.05,13582.2,2667437.4
2002,2002Q3,Clothes & Shoes,Clothes,Eclipse Clothing,7064,196834.31,396453.86,1390437566
2002,2002Q3,Clothes & Shoes,Clothes,Green Tomato,445,12981.81,21906.71,5776905.45
2002,2002Q3,Clothes & Shoes,Clothes,Knitwear,792,38124.8,66429.4,30194841.6
2002,2002Q3,Clothes & Shoes,Clothes,LSF,784,40188.5,77302.6,31507784
2002,2002Q3,Clothes & Shoes,Clothes,Leisure,748,34720.12,62895.22,25970649.76
2002,2002Q3,Clothes & Shoes,Clothes,Massif,59,9217.9,17592.9,543856.1
2002,2002Q3,Clothes & Shoes,Clothes,Orion,1707,83634.09,160370.19,142763391.6
2002,2002Q3,Clothes & Shoes,Clothes,Orion Clothing,1064,30805.83,59242.23,32777403.12
2002,2002Q3,Clothes & Shoes,Clothes,Osprey,594,19935.15,33889.1,11841479.1
2002,2002Q3,Clothes & Shoes,Clothes,Shorts,329,4347.53,8112.03,1430337.37
2002,2002Q3,Clothes & Shoes,Clothes,Stockings & Socks,636,5789.23,9901.28,3681950.28
2002,2002Q3,Clothes & Shoes,Clothes,Street Wear,1093,42694.29,73876.59,46664858.97
2002,2002Q3,Clothes & Shoes,Clothes,T-Shirts,880,14872.4,26607.9,13087712
2002,2002Q3,Clothes & Shoes,Clothes,Tracker Clothes,6201,164058.97,304687.67,1017329673
2002,2002Q3,Clothes & Shoes,Clothes,Twain,144,20598.675,40237.275,2966209.2
2002,2002Q3,Clothes & Shoes,Shoes,Eclipse Shoes,7239,361886.8,730896.25,2619698545
2002,2002Q3,Clothes & Shoes,Shoes,Shoes,3345,183383.16,340427.96,613416670.2
2002,2002Q3,Clothes & Shoes,Shoes,Tracker Shoes,4060,166378.76,310101.61,675497765.6
2002,2002Q3,Outdoors,Outdoors,Anoraks & Parkas,1459,118857.65,211904.9,173413311.4
2002,2002Q3,Outdoors,Outdoors,Backpacks,1589,106178.86,200897.16,168718208.5
2002,2002Q3,Outdoors,Outdoors,Gloves & Mittens,346,8620.35,14946.8,2982641.1
2002,2002Q3,Outdoors,Outdoors,Knitted Accessories,199,2452.65,4191.8,488077.35
2002,2002Q3,Outdoors,Outdoors,Outdoor Gear,5204,219437.36,388148.51,1141952021
2002,2002Q3,Outdoors,Outdoors,Sleepingbags,4209,194732.5,383720.8,819629092.5
2002,2002Q3,Outdoors,Outdoors,Tents,1806,329081.2,663071.1,594320647.2
2002,2002Q3,Sports,Assorted Sports Articles,Assorted Sports articles,9026,308778.4,563197.95,2787033838
2002,2002Q3,Sports,Assorted Sports Articles,Darts,1219,23029.95,39242.9,28073509.05
2002,2002Q3,Sports,Assorted Sports Articles,Petanque - Boule,1175,28291.7,51226.6,33242747.5
2002,2002Q3,Sports,Assorted Sports Articles,Skates,5102,474326.59,987167.94,2420014262
2002,2002Q3,Sports,Golf,Golf,3917,206493.12,426945.32,808833551
2002,2002Q3,Sports,Golf,Golf Clothes,1302,102041.13,144497.53,132857551.3
2002,2002Q3,Sports,Indoor Sports,Fitness,604,57933.3,114689,34991713.2
2002,2002Q3,Sports,Indoor Sports,Gymnastic Clothing,394,10548.95,18714.7,4156286.3
2002,2002Q3,Sports,Indoor Sports,Top Trim,365,41909.4,75215.3,15296931
2002,2002Q3,Sports,Racket Sports,Badminton,144,17031.05,22909.3,2452471.2
2002,2002Q3,Sports,Racket Sports,Racket Sports,1267,102938.2,178123.1,130422699.4
2002,2002Q3,Sports,Racket Sports,Tennis,1085,29572.93,51190.23,32086629.05
2002,2002Q3,Sports,Running - Jogging,Jogging,2478,87310.2,152525.9,216354675.6
2002,2002Q3,Sports,Running - Jogging,Running Clothes,3997,95463.54,174713.29,381567769.4
2002,2002Q3,Sports,Swim Sports,Bathing Suits,3649,73296.25,126817.95,267458016.3
2002,2002Q3,Sports,Team Sports,American Football,1417,17552.16,32824.09,24871410.72
2002,2002Q3,Sports,Team Sports,Baseball,1230,11490.69,20958.59,14133548.7
2002,2002Q3,Sports,Team Sports,Basket Ball,352,4347.52,7021.92,1530327.04
2002,2002Q3,Sports,Team Sports,Soccer,2706,48748.62,94286.92,131913765.7
2002,2002Q3,Sports,Winter Sports,Ski Dress,505,75256.4,131884.8,38004482
2002,2002Q3,Sports,Winter Sports,Winter Sports,933,52940.85,93873.75,49393813.05
2002,2002Q4,Children,Children Sports,"A-Team, Kids",779,13296.42,24109.72,10357911.18
2002,2002Q4,Children,Children Sports,"Bathing Suits, Kids",124,2234.15,3845.1,277034.6
2002,2002Q4,Children,Children Sports,"Eclipse, Kid's Clothes",1386,22391.84,45032.84,31035090.24
2002,2002Q4,Children,Children Sports,"Eclipse, Kid's Shoes",828,17454.79,35329.94,14452566.12
2002,2002Q4,Children,Children Sports,"Lucky Guy, Kids",731,17826.5,32316.8,13031171.5
2002,2002Q4,Children,Children Sports,"N.D. Gear, Kids",2078,56768.43,101752.28,117964797.5
2002,2002Q4,Children,Children Sports,"Olssons, Kids",597,5596.45,9458.9,3341080.65
2002,2002Q4,Children,Children Sports,Orion Kid's Clothes,35,647.2,1303.2,22652
2002,2002Q4,Children,Children Sports,"Osprey, Kids",1170,18501.26,33562.36,21646474.2
2002,2002Q4,Children,Children Sports,Tracker Kid's Clothes,3124,56292.63,104167.78,175858176.1
2002,2002Q4,Children,Children Sports,"Ypsilon, Kids",361,8154.15,14452.1,2943648.15
2002,2002Q4,Clothes & Shoes,Clothes,Eclipse Clothing,6358,180623.01,363695.56,1148401098
2002,2002Q4,Clothes & Shoes,Clothes,Green Tomato,400,11160.68,19266.18,4464272
2002,2002Q4,Clothes & Shoes,Clothes,Knitwear,1459,75036,130486.5,109477524
2002,2002Q4,Clothes & Shoes,Clothes,LSF,700,33389.1,66879.4,23372370
2002,2002Q4,Clothes & Shoes,Clothes,Leisure,710,32320.63,58620.78,22947647.3
2002,2002Q4,Clothes & Shoes,Clothes,Massif,107,16776.6,32019.1,1795096.2
2002,2002Q4,Clothes & Shoes,Clothes,Orion,1560,78021.22,149636.92,121713103.2
2002,2002Q4,Clothes & Shoes,Clothes,Orion Clothing,951,26404.43,50556.28,25110612.93
2002,2002Q4,Clothes & Shoes,Clothes,Osprey,612,19697.33,33937.88,12054765.96
2002,2002Q4,Clothes & Shoes,Clothes,Shorts,186,2604.9,4663.7,484511.4
2002,2002Q4,Clothes & Shoes,Clothes,Stockings & Socks,602,5739.25,9692.3,3455028.5
2002,2002Q4,Clothes & Shoes,Clothes,Street Wear,1003,40856.83,71004.48,40979400.49
2002,2002Q4,Clothes & Shoes,Clothes,T-Shirts,406,6491.9,11716,2635711.4
2002,2002Q4,Clothes & Shoes,Clothes,Tracker Clothes,5394,144665.54,268550.44,780325922.8
2002,2002Q4,Clothes & Shoes,Clothes,Twain,144,20182.85,38596.15,2906330.4
2002,2002Q4,Clothes & Shoes,Shoes,Eclipse Shoes,5440,271347.35,546762.75,1476129584
2002,2002Q4,Clothes & Shoes,Shoes,Shoes,2788,145236.4,271780.3,404919083.2
2002,2002Q4,Clothes & Shoes,Shoes,Tracker Shoes,3021,126857.64,233714.04,383236930.4
2002,2002Q4,Outdoors,Outdoors,Anoraks & Parkas,3735,290743.19,526043.94,1085925815
2002,2002Q4,Outdoors,Outdoors,Backpacks,1730,121630,229079.5,210419900
2002,2002Q4,Outdoors,Outdoors,Gloves & Mittens,825,20166.5,35077.1,16637362.5
2002,2002Q4,Outdoors,Outdoors,Knitted Accessories,527,6157.46,10520.86,3244981.42
2002,2002Q4,Outdoors,Outdoors,Outdoor Gear,3182,136348.65,240801.2,433861404.3
2002,2002Q4,Outdoors,Outdoors,Sleepingbags,2851,131291.35,258543.3,374311638.9
2002,2002Q4,Outdoors,Outdoors,Tents,1228,225865.6,454389.7,277362956.8
2002,2002Q4,Sports,Assorted Sports Articles,Assorted Sports articles,8460,295161.52,536336.62,2497066459
2002,2002Q4,Sports,Assorted Sports Articles,Darts,2769,53117.65,90568.1,147082772.9
2002,2002Q4,Sports,Assorted Sports Articles,Petanque - Boule,727,17859.9,32217.8,12984147.3
2002,2002Q4,Sports,Assorted Sports Articles,Skates,2968,282413.6,583737.7,838203564.8
2002,2002Q4,Sports,Golf,Golf,3669,188268.66,388254.31,690757713.5
2002,2002Q4,Sports,Golf,Golf Clothes,1040,87281.77,123035.37,90773040.8
2002,2002Q4,Sports,Indoor Sports,Fitness,1000,91794.65,184762.7,91794650
2002,2002Q4,Sports,Indoor Sports,Gymnastic Clothing,631,17303.94,30882.54,10918786.14
2002,2002Q4,Sports,Indoor Sports,Top Trim,566,60631.56,111508.46,34317462.96
2002,2002Q4,Sports,Racket Sports,Badminton,287,29049.25,39778.9,8337134.75
2002,2002Q4,Sports,Racket Sports,Racket Sports,1463,127070.5,216757.2,185904141.5
2002,2002Q4,Sports,Racket Sports,Tennis,1211,30879.49,53708.79,37395062.39
2002,2002Q4,Sports,Running - Jogging,Jogging,2055,70838.57,125252.37,145573261.4
2002,2002Q4,Sports,Running - Jogging,Running Clothes,3116,76700.62,139560.17,238999131.9
2002,2002Q4,Sports,Swim Sports,Bathing Suits,1898,40086.05,68432.9,76083322.9
2002,2002Q4,Sports,Team Sports,American Football,1465,19107.29,34711.06,27992179.85
2002,2002Q4,Sports,Team Sports,Baseball,1409,14803.77,25579.27,20858511.93
2002,2002Q4,Sports,Team Sports,Basket Ball,470,5981.72,9526.92,2811408.4
2002,2002Q4,Sports,Team Sports,Soccer,2983,53881.72,104002.27,160729170.8
2002,2002Q4,Sports,Winter Sports,Ski Dress,1438,199924,353498.45,287490712
2002,2002Q4,Sports,Winter Sports,Winter Sports,2577,138617.06,248968.86,357216163.6
